{"stats":{"minecraft:picked_up":{"minecraft:wooden_axe":1,"byg:palm_door":6,"minecraft:crafting_table":6,"minecraft:iron_chestplate":1,"minecraft:ladder":6,"minecraft:oak_stairs":1,"minecraft:enchanted_book":1,"securitycraft:universal_key_changer":1,"minecraft:string":4,"minecraft:red_bed":6,"minecraft:raw_copper":20,"minecraft:flint_and_steel":1,"minecraft:oak_sign":1,"minecraft:cobbled_deepslate":77,"minecraft:spruce_planks":15,"minecraft:iron_pickaxe":2,"minecraft:spruce_slab":8,"minecraft:chest":2,"minecraft:melon_slice":23,"minecraft:coal_block":14,"minecraft:birch_sapling":13,"minecraft:furnace":13,"minecraft:raw_copper_block":3,"minecraft:egg":1,"byg:yellow_daffodil":2,"minecraft:stick":76,"minecraft:raw_iron":172,"minecraft:sandstone":5,"securitycraft:reinforced_cobblestone":12,"minecraft:raw_gold_block":29,"untamedwilds:flora_common_reed":2,"minecraft:oak_fence":4,"minecraft:torch":16,"untamedwilds:flora_bush_temperate":2,"minecraft:spruce_stairs":4,"tombstone:grave_dust":2,"minecraft:diorite":17,"minecraft:redstone":1,"minecraft:arrow":10,"minecraft:rotten_flesh":7,"minecraft:carved_pumpkin":1,"minecraft:gold_ingot":105,"byg:palm_log":6,"untamedwilds:flora_yarrow":2,"minecraft:white_wool":3,"minecraft:cobblestone":302,"minecraft:stripped_oak_log":3,"minecraft:birch_log":58,"minecraft:feather":4,"minecraft:tripwire_hook":1,"minecraft:potato":3,"minecraft:filled_map":1,"minecraft:birch_planks":1,"minecraft:flint":7,"minecraft:oak_log":458,"byg:orchard_sapling":11,"minecraft:gunpowder":16,"minecraft:lapis_lazuli":113,"minecraft:dirt":29,"minecraft:paper":15,"tombstone:familiar_receptacle":1,"tombstone:gift":2,"untamedwilds:flora_junegrass":1,"minecraft:apple":45,"minecraft:kelp":3,"minecraft:bow":1,"minecraft:raw_gold":240,"minecraft:iron_ingot":296,"minecraft:cobweb":3,"minecraft:oak_planks":18,"minecraft:book":6,"minecraft:oak_slab":5,"minecraft:dark_oak_slab":2,"minecraft:black_terracotta":2,"minecraft:emerald_block":2,"minecraft:birch_boat":8,"minecraft:quartz":13,"minecraft:raw_iron_block":37,"minecraft:gravel":9,"byg:orange_daisy":2,"minecraft:sand":14,"minecraft:spruce_log":1,"minecraft:diamond_block":3,"minecraft:oak_wood":1,"minecraft:diamond":89,"byg:tall_allium":1,"minecraft:emerald":52,"minecraft:oak_sapling":86,"minecraft:coal":338},"minecraft:dropped":{"minecraft:bread":6,"untamedwilds:flora_common_reed":2,"minecraft:oak_log":304,"untamedwilds:flora_yarrow":2,"minecraft:cobblestone":90,"minecraft:torch":64,"minecraft:wooden_axe":2,"tombstone:grave_dust":1,"minecraft:gold_nugget":9,"minecraft:sand":2,"minecraft:iron_pickaxe":1,"minecraft:paper":15,"minecraft:birch_log":21,"minecraft:gravel":6,"byg:orange_daisy":2,"minecraft:cobbled_deepslate":51,"minecraft:raw_copper":27,"untamedwilds:flora_bush_temperate":2,"tombstone:gift":2,"minecraft:oak_planks":4,"byg:yellow_daffodil":1,"minecraft:potato":3,"minecraft:gunpowder":8,"minecraft:ladder":6,"minecraft:sandstone":2,"securitycraft:universal_key_changer":1,"minecraft:wooden_pickaxe":1},"minecraft:broken":{"minecraft:flint_and_steel":1,"minecraft:iron_axe":2,"minecraft:stone_axe":1,"minecraft:iron_pickaxe":4},"minecraft:used":{"minecraft:oak_fence":3,"minecraft:flint_and_steel":123,"minecraft:chest":4,"minecraft:shield":18,"minecraft:iron_sword":49,"minecraft:rotten_flesh":7,"minecraft:torch":24,"minecraft:dirt":6,"minecraft:spruce_stairs":1,"minecraft:raw_iron_block":1,"minecraft:lava_bucket":23,"byg:palm_door":9,"minecraft:spruce_wood":6,"minecraft:iron_axe":591,"minecraft:beef":1,"minecraft:furnace":25,"tombstone:gift":4,"minecraft:cobbled_deepslate":2,"minecraft:water_bucket":7,"securitycraft:reinforced_cobblestone":12,"minecraft:birch_planks":51,"minecraft:stone_pickaxe":17,"minecraft:baked_potato":3,"minecraft:oak_planks":64,"minecraft:wooden_pickaxe":14,"minecraft:birch_boat":9,"minecraft:sandstone":1,"minecraft:glow_berries":18,"minecraft:sand":2,"minecraft:tnt":1,"minecraft:crafting_table":8,"minecraft:red_bed":5,"minecraft:white_bed":1,"minecraft:black_terracotta":1,"minecraft:oak_log":114,"minecraft:apple":43,"minecraft:bread":1,"minecraft:melon_slice":23,"minecraft:iron_pickaxe":1102,"minecraft:stone_axe":135,"minecraft:cobblestone":142,"minecraft:porkchop":6,"minecraft:bucket":32,"minecraft:birch_log":21,"byg:palm_planks":2},"minecraft:killed_by":{"minecraft:skeleton":2},"minecraft:custom":{"minecraft:mob_kills":9,"minecraft:interact_with_crafting_table":48,"minecraft:open_barrel":44,"minecraft:leave_game":10,"minecraft:time_since_death":65109,"minecraft:sprint_one_cm":87,"minecraft:walk_one_cm":1141018,"minecraft:damage_blocked_by_shield":775,"minecraft:drop":42,"minecraft:talked_to_villager":3,"minecraft:play_time":259692,"minecraft:deaths":2,"minecraft:sneak_time":426,"minecraft:walk_under_water_one_cm":52482,"minecraft:boat_one_cm":538659,"minecraft:jump":2755,"minecraft:walk_on_water_one_cm":84954,"minecraft:total_world_time":259692,"minecraft:interact_with_furnace":138,"minecraft:sleep_in_bed":6,"minecraft:time_since_rest":754,"minecraft:damage_taken":3056,"minecraft:damage_dealt":1393,"minecraft:fly_one_cm":8268,"minecraft:open_chest":63,"minecraft:crouch_one_cm":491,"tombstone:undead_killed":8,"minecraft:fall_one_cm":65782},"minecraft:crafted":{"minecraft:oak_planks":136,"minecraft:raw_iron":324,"minecraft:coal":126,"minecraft:birch_boat":2,"minecraft:furnace":12,"byg:palm_door":3,"minecraft:flint_and_steel":1,"minecraft:diamond":27,"minecraft:raw_copper":27,"minecraft:iron_axe":3,"minecraft:stone_pickaxe":1,"minecraft:chest":2,"minecraft:emerald":18,"minecraft:crafting_table":3,"minecraft:spruce_planks":4,"minecraft:wooden_pickaxe":1,"minecraft:iron_sword":1,"minecraft:bucket":2,"minecraft:birch_planks":64,"minecraft:stone_axe":1,"byg:palm_planks":24,"minecraft:shield":1,"minecraft:raw_gold":261,"minecraft:stick":20,"minecraft:iron_ingot":346,"minecraft:iron_pickaxe":5,"minecraft:wooden_axe":1,"minecraft:gold_ingot":353,"minecraft:white_bed":1,"minecraft:torch":64},"minecraft:mined":{"minecraft:dark_oak_planks":6,"minecraft:spruce_planks":18,"untamedwilds:flora_junegrass":1,"minecraft:deepslate_diamond_ore":36,"minecraft:black_terracotta":4,"minecraft:carved_pumpkin":1,"minecraft:grass_block":9,"minecraft:coal_block":15,"minecraft:kelp":1,"minecraft:sandstone":8,"minecraft:spawner":3,"byg:palm_door":6,"minecraft:raw_iron_block":40,"minecraft:furnace":12,"minecraft:raw_gold_block":29,"minecraft:cobbled_deepslate":3,"minecraft:fire":17,"minecraft:diamond_block":3,"minecraft:deepslate_lapis_ore":1,"minecraft:dark_oak_stairs":1,"minecraft:cave_vines":1,"minecraft:deepslate_iron_ore":82,"minecraft:oak_stairs":2,"minecraft:stripped_oak_log":1,"minecraft:stone":290,"minecraft:player_head":2,"minecraft:spruce_slab":5,"minecraft:deepslate_redstone_ore":19,"minecraft:oak_slab":5,"minecraft:redstone_block":5,"minecraft:red_bed":5,"minecraft:oak_fence":1,"minecraft:crafting_table":7,"minecraft:torch":7,"minecraft:oak_wood":2,"minecraft:melon":6,"minecraft:chest":2,"minecraft:copper_ore":6,"minecraft:cobblestone":30,"minecraft:deepslate_coal_ore":62,"minecraft:deepslate_gold_ore":102,"minecraft:oak_planks":21,"minecraft:diorite":12,"minecraft:wall_torch":8,"minecraft:birch_sapling":1,"minecraft:spruce_stairs":5,"minecraft:birch_planks":1,"minecraft:dark_oak_slab":3,"byg:palm_log":6,"minecraft:birch_log":37,"minecraft:spruce_log":1,"minecraft:birch_leaves":3,"minecraft:grass":6,"minecraft:oak_log":459,"minecraft:coal_ore":59,"minecraft:gravel":18,"minecraft:sand":12,"minecraft:dirt":24,"minecraft:terracotta":2,"minecraft:raw_copper_block":3,"minecraft:gold_ore":6,"minecraft:deepslate_emerald_ore":17,"minecraft:oak_leaves":7,"minecraft:deepslate":189,"minecraft:emerald_block":2},"minecraft:killed":{"minecraft:cave_spider":1,"minecraft:skeleton":4,"minecraft:zombie":4}},"DataVersion":2975}