{"stats":{"minecraft:picked_up":{"minecraft:wooden_axe":1,"byg:palm_door":6,"minecraft:crafting_table":3,"minecraft:oak_stairs":1,"securitycraft:universal_key_changer":1,"minecraft:string":4,"minecraft:cobbled_deepslate":75,"minecraft:spruce_planks":4,"minecraft:iron_pickaxe":1,"minecraft:spruce_slab":1,"minecraft:chest":1,"minecraft:coal_block":14,"minecraft:birch_sapling":13,"minecraft:egg":1,"minecraft:raw_copper_block":3,"minecraft:furnace":9,"byg:yellow_daffodil":1,"minecraft:raw_iron":172,"minecraft:stick":65,"minecraft:sandstone":3,"securitycraft:reinforced_cobblestone":12,"minecraft:raw_gold_block":29,"minecraft:oak_fence":3,"minecraft:torch":10,"minecraft:spruce_stairs":3,"tombstone:grave_dust":2,"minecraft:diorite":17,"minecraft:arrow":10,"minecraft:rotten_flesh":7,"minecraft:gold_ingot":87,"byg:palm_log":6,"minecraft:cobblestone":237,"minecraft:birch_log":58,"minecraft:feather":4,"minecraft:filled_map":1,"minecraft:flint":3,"minecraft:oak_log":373,"byg:orchard_sapling":9,"minecraft:lapis_lazuli":113,"minecraft:paper":15,"minecraft:dirt":16,"tombstone:familiar_receptacle":1,"tombstone:gift":2,"untamedwilds:flora_junegrass":1,"minecraft:apple":40,"minecraft:kelp":3,"minecraft:bow":1,"minecraft:raw_gold":235,"minecraft:iron_ingot":231,"minecraft:oak_planks":14,"minecraft:oak_slab":5,"minecraft:emerald_block":2,"minecraft:raw_iron_block":37,"minecraft:gravel":9,"minecraft:sand":9,"minecraft:spruce_log":1,"minecraft:diamond_block":3,"minecraft:diamond":89,"minecraft:emerald":52,"minecraft:oak_sapling":73,"minecraft:coal":157},"minecraft:dropped":{"minecraft:oak_log":304,"minecraft:cobblestone":90,"minecraft:torch":64,"minecraft:wooden_axe":2,"tombstone:grave_dust":1,"minecraft:gold_nugget":9,"minecraft:sand":2,"minecraft:paper":15,"minecraft:birch_log":21,"minecraft:gravel":6,"minecraft:cobbled_deepslate":51,"minecraft:raw_copper":27,"tombstone:gift":2,"minecraft:oak_planks":4,"minecraft:sandstone":2,"securitycraft:universal_key_changer":1,"minecraft:wooden_pickaxe":1},"minecraft:broken":{"minecraft:iron_axe":1,"minecraft:stone_axe":1,"minecraft:iron_pickaxe":4},"minecraft:used":{"minecraft:oak_fence":3,"minecraft:flint_and_steel":44,"minecraft:chest":3,"minecraft:shield":12,"minecraft:iron_sword":46,"minecraft:rotten_flesh":7,"minecraft:torch":18,"minecraft:dirt":6,"minecraft:raw_iron_block":1,"minecraft:lava_bucket":18,"byg:palm_door":9,"minecraft:iron_axe":391,"minecraft:furnace":16,"tombstone:gift":2,"minecraft:water_bucket":4,"securitycraft:reinforced_cobblestone":12,"minecraft:stone_pickaxe":17,"minecraft:wooden_pickaxe":14,"minecraft:glow_berries":18,"minecraft:sand":2,"minecraft:crafting_table":5,"minecraft:oak_log":48,"minecraft:apple":38,"minecraft:iron_pickaxe":965,"minecraft:stone_axe":135,"minecraft:cobblestone":93,"minecraft:bucket":24,"minecraft:birch_log":21,"byg:palm_planks":2},"minecraft:killed_by":{"minecraft:skeleton":1},"minecraft:custom":{"minecraft:mob_kills":9,"minecraft:interact_with_crafting_table":38,"minecraft:leave_game":8,"minecraft:time_since_death":107496,"minecraft:sprint_one_cm":87,"minecraft:walk_one_cm":666057,"minecraft:damage_blocked_by_shield":480,"minecraft:drop":30,"minecraft:play_time":165181,"minecraft:deaths":1,"minecraft:sneak_time":115,"minecraft:walk_under_water_one_cm":41292,"minecraft:jump":1373,"minecraft:walk_on_water_one_cm":58877,"minecraft:total_world_time":165181,"minecraft:interact_with_furnace":137,"minecraft:time_since_rest":107534,"minecraft:damage_taken":1870,"minecraft:damage_dealt":1313,"minecraft:fly_one_cm":5120,"minecraft:open_chest":51,"tombstone:undead_killed":8,"minecraft:fall_one_cm":34099},"minecraft:crafted":{"minecraft:oak_planks":24,"minecraft:raw_iron":324,"minecraft:coal":126,"minecraft:furnace":7,"byg:palm_door":3,"minecraft:flint_and_steel":1,"minecraft:diamond":27,"minecraft:raw_copper":27,"minecraft:iron_axe":2,"minecraft:stone_pickaxe":1,"minecraft:chest":2,"minecraft:emerald":18,"minecraft:crafting_table":3,"minecraft:spruce_planks":4,"minecraft:wooden_pickaxe":1,"minecraft:iron_sword":1,"minecraft:bucket":2,"minecraft:stone_axe":1,"byg:palm_planks":24,"minecraft:shield":1,"minecraft:raw_gold":261,"minecraft:stick":20,"minecraft:iron_ingot":346,"minecraft:iron_pickaxe":5,"minecraft:wooden_axe":1,"minecraft:gold_ingot":353,"minecraft:torch":64},"minecraft:mined":{"minecraft:spruce_planks":8,"untamedwilds:flora_junegrass":1,"minecraft:deepslate_diamond_ore":36,"minecraft:grass_block":9,"minecraft:coal_block":15,"minecraft:kelp":1,"minecraft:sandstone":6,"byg:palm_door":6,"minecraft:raw_iron_block":40,"minecraft:furnace":10,"minecraft:raw_gold_block":29,"minecraft:cobbled_deepslate":1,"minecraft:fire":12,"minecraft:diamond_block":3,"minecraft:deepslate_lapis_ore":1,"minecraft:cave_vines":1,"minecraft:deepslate_iron_ore":82,"minecraft:oak_stairs":2,"minecraft:stone":230,"minecraft:spruce_slab":1,"minecraft:deepslate_redstone_ore":19,"minecraft:oak_slab":5,"minecraft:redstone_block":5,"minecraft:crafting_table":4,"minecraft:torch":2,"minecraft:chest":1,"minecraft:cobblestone":13,"minecraft:deepslate_coal_ore":62,"minecraft:deepslate_gold_ore":102,"minecraft:oak_planks":18,"minecraft:diorite":12,"minecraft:wall_torch":6,"minecraft:spruce_stairs":4,"minecraft:birch_sapling":1,"byg:palm_log":6,"minecraft:birch_log":37,"minecraft:spruce_log":1,"minecraft:birch_leaves":3,"minecraft:grass":6,"minecraft:oak_log":373,"minecraft:coal_ore":51,"minecraft:dirt":8,"minecraft:gravel":18,"minecraft:sand":8,"minecraft:raw_copper_block":3,"minecraft:gold_ore":1,"minecraft:oak_leaves":4,"minecraft:deepslate_emerald_ore":17,"minecraft:deepslate":189,"minecraft:emerald_block":2},"minecraft:killed":{"minecraft:cave_spider":1,"minecraft:skeleton":4,"minecraft:zombie":4}},"DataVersion":2975}