{"stats":{"minecraft:custom":{"minecraft:mob_kills":4,"minecraft:interact_with_crafting_table":22,"minecraft:interact_with_grindstone":1,"minecraft:time_since_death":41802,"minecraft:sleep_in_bed":3,"minecraft:time_since_rest":0,"minecraft:sprint_one_cm":141,"minecraft:damage_taken":170,"minecraft:walk_one_cm":164872,"minecraft:damage_blocked_by_shield":25,"minecraft:drop":17,"minecraft:damage_dealt":867,"minecraft:talked_to_villager":6,"minecraft:fly_one_cm":670,"minecraft:open_chest":3,"minecraft:play_time":41802,"tombstone:undead_killed":2,"minecraft:sneak_time":4,"tombstone:villager_killed":2,"minecraft:jump":283,"minecraft:walk_on_water_one_cm":139,"minecraft:total_world_time":41802,"minecraft:fall_one_cm":3729},"minecraft:killed":{"minecraft:zombie":1,"minecraft:drowned":1,"minecraft:villager":2},"minecraft:used":{"minecraft:oak_trapdoor":3,"minecraft:chest":1,"minecraft:shield":1,"minecraft:iron_sword":24,"minecraft:dirt":5,"minecraft:oak_slab":1,"minecraft:crafting_table":1,"minecraft:iron_pickaxe":8,"minecraft:stone_axe":11,"minecraft:wooden_sword":21,"minecraft:cobblestone":2,"minecraft:cooked_porkchop":1,"minecraft:yellow_bed":3,"minecraft:golden_axe":9},"minecraft:dropped":{"byg:wood_blewit":2,"untamedwilds:flora_bush_temperate":2,"byg:allium_flower_bush":6,"byg:tall_allium":2,"byg:white_puffball_spores":24,"byg:pink_allium_flower_bush":12,"byg:tall_pink_allium":10},"minecraft:picked_up":{"byg:weeping_milkcap":1,"byg:tall_pink_allium":10,"minecraft:gold_block":1,"byg:wood_blewit":2,"byg:white_puffball_cap":4,"minecraft:oak_log":16,"minecraft:yellow_bed":3,"minecraft:oak_trapdoor":11,"minecraft:dirt":25,"byg:allium_flower_bush":6,"byg:pink_allium_flower_bush":12,"minecraft:iron_ingot":6,"minecraft:book":6,"minecraft:oak_slab":3,"minecraft:cooked_porkchop":8,"minecraft:oak_fence":1,"untamedwilds:flora_bush_temperate":2,"minecraft:rotten_flesh":2,"tombstone:familiar_stone":1,"minecraft:stone_axe":1,"byg:tall_allium":2,"cgm:assault_rifle":1,"byg:foragers_table":1,"minecraft:gold_ingot":63,"byg:white_puffball_spores":24,"minecraft:cobblestone":11},"minecraft:crafted":{"minecraft:golden_axe":1,"minecraft:wooden_sword":1,"minecraft:oak_planks":64,"minecraft:golden_chestplate":2,"minecraft:crafting_table":2,"minecraft:wooden_pickaxe":3,"minecraft:iron_sword":1,"minecraft:stone_axe":1,"minecraft:golden_leggings":1,"minecraft:shield":1,"minecraft:stick":32,"minecraft:iron_pickaxe":1,"minecraft:stone_pickaxe":1,"minecraft:chest":1,"minecraft:gold_ingot":9,"minecraft:stone_hoe":1,"minecraft:golden_helmet":1,"minecraft:golden_boots":2},"minecraft:mined":{"minecraft:podzol":7,"minecraft:oak_slab":3,"minecraft:oak_fence":1,"byg:pink_allium_flower_bush":3,"untamedwilds:flora_bush_temperate":1,"minecraft:grass_block":18,"byg:wood_blewit":1,"minecraft:cobblestone":2,"minecraft:oak_trapdoor":11,"byg:red_oak_leaves":3,"byg:foragers_table":1,"byg:allium_flower_bush":2,"minecraft:yellow_bed":3,"byg:weeping_milkcap":1,"minecraft:grass":1,"minecraft:bookshelf":2,"minecraft:oak_log":18,"byg:tall_pink_allium":9,"byg:tall_allium":3,"byg:white_puffball":4}},"DataVersion":2975}