{"stats":{"minecraft:custom":{"minecraft:mob_kills":23,"minecraft:interact_with_crafting_table":54,"minecraft:time_since_death":160971,"minecraft:sprint_one_cm":229741,"minecraft:walk_one_cm":508219,"minecraft:damage_blocked_by_shield":640,"minecraft:drop":6,"minecraft:talked_to_villager":3,"minecraft:play_time":160971,"minecraft:sneak_time":26,"minecraft:walk_under_water_one_cm":454,"minecraft:boat_one_cm":144084,"minecraft:jump":1553,"minecraft:walk_on_water_one_cm":6394,"minecraft:total_world_time":160971,"minecraft:interact_with_furnace":195,"minecraft:sleep_in_bed":5,"minecraft:time_since_rest":6280,"minecraft:damage_taken":847,"minecraft:damage_dealt":3612,"minecraft:swim_one_cm":942,"minecraft:fly_one_cm":59510,"minecraft:open_chest":19,"minecraft:crouch_one_cm":14,"tombstone:undead_killed":11,"minecraft:fall_one_cm":15383,"minecraft:horse_one_cm":3627},"minecraft:crafted":{"minecraft:furnace":8,"minecraft:flint_and_steel":1,"minecraft:iron_boots":1,"minecraft:stone_pickaxe":2,"minecraft:chest":1,"minecraft:crafting_table":3,"minecraft:spruce_planks":48,"minecraft:wooden_pickaxe":1,"minecraft:iron_helmet":1,"minecraft:iron_sword":1,"minecraft:gold_block":47,"minecraft:birch_planks":28,"minecraft:stone_axe":1,"minecraft:smooth_basalt":2,"minecraft:iron_chestplate":1,"minecraft:shield":1,"minecraft:raw_gold":243,"minecraft:stick":68,"minecraft:iron_ingot":63,"minecraft:iron_pickaxe":4,"minecraft:iron_block":2,"minecraft:gold_ingot":423,"minecraft:iron_leggings":1,"minecraft:white_bed":1,"minecraft:torch":72},"minecraft:killed":{"untamedwilds:large_snake":1,"minecraft:skeleton":6,"untamedwilds:boar":1,"minecraft:creeper":1,"minecraft:sheep":3,"untamedwilds:tortoise":1,"minecraft:zombie":5,"minecraft:cow":5},"minecraft:used":{"minecraft:flint_and_steel":13,"minecraft:chest":1,"minecraft:shield":23,"minecraft:iron_sword":162,"minecraft:rotten_flesh":4,"minecraft:torch":36,"minecraft:dirt":2,"minecraft:wooden_axe":13,"minecraft:smooth_basalt":1,"minecraft:furnace":8,"byg:black_sand":1,"minecraft:potato":19,"minecraft:cooked_mutton":8,"minecraft:diorite":13,"minecraft:stone_pickaxe":263,"minecraft:wooden_pickaxe":25,"minecraft:crafting_table":6,"minecraft:white_bed":1,"tombstone:bag_of_seeds":2,"minecraft:iron_pickaxe":665,"minecraft:gravel":5,"minecraft:spruce_sapling":1,"minecraft:stone_axe":85,"minecraft:cobblestone":193,"minecraft:purple_bed":2,"minecraft:porkchop":2,"minecraft:cooked_porkchop":4,"minecraft:andesite":2},"minecraft:broken":{"minecraft:stone_pickaxe":2,"minecraft:iron_pickaxe":2},"minecraft:mined":{"minecraft:deepslate_diamond_ore":3,"byg:cattail":1,"minecraft:granite":9,"minecraft:grass_block":5,"byg:black_sand":2,"minecraft:spruce_leaves":11,"minecraft:magma_block":29,"minecraft:furnace":6,"minecraft:raw_gold_block":27,"minecraft:iron_ore":59,"minecraft:fire":8,"minecraft:andesite":7,"minecraft:deepslate_iron_ore":4,"minecraft:stone":279,"minecraft:basalt":33,"minecraft:crafting_table":3,"minecraft:torch":6,"minecraft:emerald_ore":3,"minecraft:rose_bush":3,"minecraft:cobblestone":19,"minecraft:copper_ore":8,"minecraft:tall_grass":8,"minecraft:deepslate_coal_ore":7,"minecraft:lapis_ore":4,"minecraft:oak_planks":40,"byg:mossy_stone":13,"minecraft:diorite":21,"minecraft:wall_torch":2,"minecraft:deepslate_copper_ore":4,"minecraft:purple_bed":2,"byg:soapstone":44,"minecraft:birch_log":8,"minecraft:spruce_log":55,"byg:red_spruce_leaves":2,"minecraft:birch_leaves":1,"minecraft:grass":33,"minecraft:coal_ore":74,"minecraft:oak_log":9,"minecraft:gravel":6,"minecraft:dirt":2,"minecraft:cobweb":30,"minecraft:smooth_basalt":8,"minecraft:gold_ore":177,"minecraft:oak_leaves":2,"minecraft:deepslate":41},"minecraft:dropped":{"minecraft:wheat_seeds":1,"byg:soapstone":6,"minecraft:iron_pickaxe":1,"minecraft:pumpkin_seeds":2,"minecraft:beetroot_seeds":2,"minecraft:melon_seeds":3},"minecraft:picked_up":{"minecraft:wooden_axe":1,"minecraft:crafting_table":3,"byg:soapstone":41,"minecraft:string":30,"minecraft:raw_copper":43,"minecraft:cobbled_deepslate":45,"minecraft:beef":10,"minecraft:rose_bush":4,"minecraft:iron_pickaxe":1,"minecraft:birch_sapling":1,"minecraft:furnace":6,"minecraft:raw_iron":63,"minecraft:stick":3,"minecraft:raw_gold_block":27,"byg:cattail_sprout":4,"minecraft:torch":12,"minecraft:porkchop":2,"tombstone:grave_dust":1,"minecraft:diorite":21,"minecraft:arrow":7,"minecraft:rotten_flesh":4,"minecraft:beetroot_seeds":2,"minecraft:mutton":3,"minecraft:white_wool":4,"minecraft:cobblestone":307,"minecraft:birch_log":7,"minecraft:magma_block":28,"minecraft:basalt":31,"minecraft:andesite":7,"minecraft:leather":6,"minecraft:flint":1,"minecraft:oak_log":9,"minecraft:lapis_lazuli":28,"minecraft:dirt":6,"minecraft:cooked_mutton":8,"minecraft:bone":7,"minecraft:wheat_seeds":7,"minecraft:raw_gold":180,"tombstone:bag_of_seeds":1,"byg:cypress_sapling":2,"minecraft:oak_planks":39,"minecraft:smooth_basalt":6,"minecraft:cooked_porkchop":4,"minecraft:gravel":5,"minecraft:spruce_sapling":1,"minecraft:spruce_log":51,"byg:black_sand":2,"minecraft:mossy_cobblestone":12,"minecraft:pumpkin_seeds":2,"minecraft:purple_bed":2,"minecraft:diamond":3,"minecraft:granite":8,"minecraft:emerald":3,"minecraft:melon_seeds":3,"minecraft:coal":79}},"DataVersion":2975}