{"stats":{"minecraft:broken":{"minecraft:stone_pickaxe":2,"minecraft:iron_pickaxe":2},"minecraft:custom":{"minecraft:mob_kills":24,"minecraft:interact_with_crafting_table":60,"minecraft:leave_game":2,"minecraft:time_since_death":25735,"minecraft:sprint_one_cm":362093,"minecraft:walk_one_cm":719893,"minecraft:damage_blocked_by_shield":705,"minecraft:drop":7,"minecraft:talked_to_villager":3,"minecraft:play_time":251633,"minecraft:deaths":2,"minecraft:sneak_time":554,"minecraft:walk_under_water_one_cm":28902,"minecraft:boat_one_cm":144084,"minecraft:jump":2108,"minecraft:walk_on_water_one_cm":39796,"minecraft:total_world_time":251633,"minecraft:interact_with_furnace":195,"minecraft:sleep_in_bed":17,"minecraft:time_since_rest":1098,"minecraft:damage_taken":1498,"minecraft:damage_dealt":3799,"minecraft:swim_one_cm":34413,"minecraft:fly_one_cm":98314,"minecraft:open_chest":24,"minecraft:crouch_one_cm":14,"tombstone:undead_killed":11,"minecraft:fall_one_cm":19271,"minecraft:horse_one_cm":3627},"minecraft:killed_by":{"minecraft:zombie":1,"untamedwilds:snake":1},"minecraft:killed":{"untamedwilds:large_snake":1,"minecraft:skeleton":6,"untamedwilds:boar":1,"minecraft:creeper":1,"minecraft:sheep":3,"untamedwilds:tortoise":1,"minecraft:zombie":5,"minecraft:cow":5},"minecraft:used":{"minecraft:flint_and_steel":14,"minecraft:chest":4,"minecraft:shield":29,"minecraft:iron_sword":168,"minecraft:rotten_flesh":4,"minecraft:torch":36,"minecraft:dirt":128,"minecraft:wooden_axe":13,"minecraft:smooth_basalt":1,"minecraft:beef":4,"minecraft:furnace":8,"byg:black_sand":1,"untamedwilds:material_fat":2,"minecraft:potato":19,"minecraft:cooked_mutton":8,"minecraft:diorite":13,"minecraft:stone_pickaxe":263,"minecraft:oak_planks":1,"untamedwilds:food_turtle_raw":2,"minecraft:wooden_pickaxe":25,"minecraft:crafting_table":8,"minecraft:white_bed":1,"tombstone:bag_of_seeds":2,"minecraft:iron_pickaxe":739,"minecraft:spruce_sapling":1,"minecraft:gravel":5,"minecraft:stone_axe":126,"minecraft:cobblestone":193,"minecraft:purple_bed":8,"minecraft:porkchop":2,"minecraft:cooked_porkchop":4,"minecraft:andesite":2},"minecraft:dropped":{"minecraft:wheat_seeds":2,"byg:soapstone":6,"minecraft:iron_pickaxe":1,"minecraft:pumpkin_seeds":2,"minecraft:beetroot_seeds":2,"minecraft:melon_seeds":3},"minecraft:picked_up":{"minecraft:wooden_axe":1,"minecraft:crafting_table":3,"byg:soapstone":41,"minecraft:clay_ball":172,"byg:pink_allium":4,"minecraft:gold_block":47,"minecraft:string":60,"minecraft:raw_copper":92,"minecraft:flint_and_steel":1,"minecraft:cobbled_deepslate":45,"minecraft:beef":20,"minecraft:rose_bush":7,"minecraft:iron_nugget":4,"minecraft:iron_pickaxe":3,"minecraft:birch_sapling":1,"minecraft:furnace":12,"byg:yellow_daffodil":10,"minecraft:stick":32,"minecraft:raw_iron":63,"minecraft:raw_gold_block":27,"byg:cattail_sprout":8,"minecraft:torch":72,"untamedwilds:flora_bush_temperate":6,"minecraft:porkchop":3,"tombstone:grave_dust":1,"minecraft:diorite":21,"byg:lollipop_flower":9,"untamedwilds:food_bear_cooked":4,"minecraft:arrow":17,"minecraft:rotten_flesh":4,"minecraft:beetroot_seeds":2,"minecraft:iron_block":2,"minecraft:gold_ingot":3,"untamedwilds:flora_yarrow":2,"minecraft:mutton":6,"minecraft:white_wool":5,"minecraft:cobblestone":307,"minecraft:birch_log":7,"minecraft:magma_block":56,"minecraft:basalt":31,"minecraft:andesite":7,"minecraft:leather":12,"untamedwilds:hide_bear_black":6,"minecraft:flint":1,"minecraft:oak_log":10,"minecraft:lapis_lazuli":56,"minecraft:dirt":306,"untamedwilds:food_turtle_raw":2,"minecraft:cooked_mutton":8,"minecraft:bone":18,"untamedwilds:material_fat":2,"minecraft:wheat_seeds":10,"minecraft:raw_gold":180,"minecraft:iron_ingot":5,"tombstone:bag_of_seeds":1,"byg:cypress_sapling":2,"minecraft:oak_planks":51,"minecraft:iron_sword":1,"minecraft:smooth_basalt":6,"minecraft:cooked_porkchop":4,"minecraft:gravel":10,"minecraft:sand":3,"minecraft:spruce_sapling":1,"minecraft:spruce_log":51,"byg:black_sand":2,"minecraft:mossy_cobblestone":24,"minecraft:pumpkin_seeds":2,"minecraft:purple_bed":8,"minecraft:diamond":6,"minecraft:stone_axe":1,"minecraft:granite":8,"minecraft:golden_apple":1,"minecraft:emerald":7,"minecraft:melon_seeds":3,"minecraft:coal":93},"minecraft:crafted":{"minecraft:oak_planks":36,"minecraft:furnace":8,"minecraft:flint_and_steel":1,"minecraft:iron_boots":1,"minecraft:stone_pickaxe":2,"minecraft:chest":4,"minecraft:crafting_table":5,"minecraft:spruce_planks":48,"minecraft:wooden_pickaxe":1,"minecraft:iron_helmet":1,"minecraft:iron_sword":1,"minecraft:gold_block":47,"minecraft:birch_planks":28,"minecraft:stone_axe":1,"minecraft:smooth_basalt":2,"minecraft:iron_chestplate":1,"minecraft:shield":1,"minecraft:raw_gold":243,"minecraft:stick":68,"minecraft:iron_ingot":63,"minecraft:iron_pickaxe":4,"minecraft:iron_block":2,"minecraft:gold_ingot":423,"minecraft:iron_leggings":1,"minecraft:white_bed":1,"minecraft:torch":72},"minecraft:mined":{"minecraft:deepslate_diamond_ore":3,"byg:yellow_daffodil":3,"byg:cattail":1,"byg:lollipop_flower":2,"minecraft:granite":9,"minecraft:grass_block":242,"byg:black_sand":2,"minecraft:spruce_leaves":11,"byg:pink_allium":1,"untamedwilds:flora_yarrow":2,"minecraft:magma_block":29,"minecraft:furnace":6,"minecraft:raw_gold_block":27,"minecraft:iron_ore":59,"minecraft:fire":9,"byg:prairie_grass":42,"minecraft:andesite":7,"minecraft:deepslate_iron_ore":4,"minecraft:stone":279,"byg:tall_prairie_grass":29,"minecraft:basalt":33,"minecraft:clay":43,"minecraft:crafting_table":3,"minecraft:torch":6,"untamedwilds:flora_bush_temperate":2,"minecraft:emerald_ore":4,"minecraft:rose_bush":5,"minecraft:tall_grass":8,"minecraft:copper_ore":10,"minecraft:cobblestone":19,"minecraft:deepslate_coal_ore":7,"minecraft:lapis_ore":4,"minecraft:oak_planks":40,"byg:mossy_stone":13,"minecraft:diorite":21,"minecraft:wall_torch":2,"minecraft:deepslate_copper_ore":4,"minecraft:purple_bed":7,"byg:soapstone":44,"minecraft:birch_log":8,"byg:red_spruce_leaves":2,"minecraft:spruce_log":55,"minecraft:birch_leaves":1,"minecraft:grass":36,"minecraft:oak_log":9,"minecraft:coal_ore":74,"minecraft:sand":5,"minecraft:gravel":11,"minecraft:dirt":47,"minecraft:cobweb":30,"minecraft:smooth_basalt":8,"byg:tall_allium":1,"minecraft:gold_ore":177,"minecraft:oak_leaves":2,"minecraft:deepslate":41}},"DataVersion":2975}