{"stats":{"minecraft:custom":{"minecraft:jump":8,"minecraft:time_since_rest":3007,"minecraft:leave_game":1,"minecraft:sprint_one_cm":5852,"minecraft:play_time":3007,"minecraft:time_since_death":3007,"minecraft:walk_one_cm":1656,"minecraft:total_world_time":3007,"minecraft:fly_one_cm":1460},"minecraft:picked_up":{"minecraft:spruce_log":7},"minecraft:mined":{"minecraft:spruce_log":7},"minecraft:used":{"minecraft:crafting_table":1},"minecraft:crafted":{"minecraft:crafting_table":1,"minecraft:spruce_planks":28}},"DataVersion":2975}