{"stats":{"minecraft:custom":{"minecraft:jump":22,"minecraft:time_since_rest":5572,"minecraft:leave_game":2,"minecraft:time_since_death":5572,"minecraft:play_time":5572,"minecraft:sprint_one_cm":7430,"minecraft:walk_one_cm":7154,"minecraft:total_world_time":5572,"minecraft:interact_with_crafting_table":1,"minecraft:fly_one_cm":1708},"minecraft:broken":{"minecraft:wooden_axe":1},"minecraft:picked_up":{"minecraft:stick":1,"minecraft:spruce_sapling":2,"minecraft:spruce_log":60},"minecraft:mined":{"minecraft:spruce_leaves":2,"minecraft:spruce_log":67},"minecraft:used":{"minecraft:wooden_axe":67,"minecraft:spruce_log":1,"minecraft:crafting_table":1},"minecraft:crafted":{"minecraft:crafting_table":1,"minecraft:spruce_planks":28,"minecraft:stick":28,"minecraft:wooden_axe":1}},"DataVersion":2975}