{"stats":{"minecraft:picked_up":{"byg:biomepedia":1},"minecraft:used":{"tombstone:gift":2},"minecraft:killed_by":{"minecraft:skeleton":1},"minecraft:custom":{"minecraft:jump":58,"minecraft:open_chest":1,"minecraft:time_since_rest":7915,"minecraft:leave_game":1,"minecraft:deaths":2,"minecraft:damage_taken":495,"minecraft:sprint_one_cm":11691,"minecraft:play_time":21206,"minecraft:walk_on_water_one_cm":23636,"minecraft:time_since_death":0,"minecraft:walk_one_cm":24412,"minecraft:sneak_time":124,"minecraft:total_world_time":21206,"minecraft:walk_under_water_one_cm":8965,"minecraft:swim_one_cm":26653,"minecraft:fall_one_cm":948,"minecraft:fly_one_cm":2103}},"DataVersion":2975}