{"stats":{"minecraft:picked_up":{"minecraft:charcoal":1,"minecraft:crafting_table":11,"byg:soapstone":21,"minecraft:chicken":2,"minecraft:gold_block":1,"byg:tiny_lilypads":52,"minecraft:string":9,"minecraft:raw_copper":28,"minecraft:cobbled_deepslate":2,"minecraft:beef":32,"minecraft:rose_bush":20,"minecraft:poppy":1,"minecraft:chest":1,"minecraft:sugar_cane":1,"minecraft:birch_sapling":2,"minecraft:furnace":9,"minecraft:raw_copper_block":1,"minecraft:dark_oak_sapling":3,"minecraft:stick":2,"minecraft:raw_iron":91,"minecraft:sandstone":5,"minecraft:raw_gold_block":13,"minecraft:oak_fence":4,"minecraft:torch":139,"untamedwilds:flora_bush_temperate":3,"minecraft:spruce_fence":2,"minecraft:porkchop":20,"tombstone:grave_dust":2,"minecraft:diorite":13,"minecraft:redstone":36,"minecraft:arrow":3,"minecraft:rotten_flesh":4,"minecraft:mutton":5,"minecraft:white_wool":6,"minecraft:cobblestone":739,"minecraft:birch_log":8,"minecraft:basalt":2,"minecraft:cooked_beef":26,"minecraft:feather":1,"minecraft:leather":36,"minecraft:dark_oak_boat":11,"minecraft:potato":12,"minecraft:flint":1,"minecraft:oak_log":1,"minecraft:gunpowder":1,"minecraft:lapis_lazuli":106,"minecraft:dirt":55,"byg:osiria_rose":1,"minecraft:bone":18,"untamedwilds:material_fat":2,"minecraft:wheat_seeds":4,"minecraft:raw_gold":66,"minecraft:iron_ingot":1,"minecraft:oak_planks":3,"minecraft:birch_boat":4,"minecraft:raw_iron_block":5,"minecraft:gravel":16,"minecraft:sand":4,"minecraft:white_bed":5,"minecraft:spruce_log":6,"minecraft:dark_oak_log":30,"byg:black_sand":1,"minecraft:granite":74,"minecraft:emerald":1,"minecraft:oak_sapling":3,"minecraft:dark_oak_fence":3,"minecraft:coal":191},"minecraft:crafted":{"minecraft:wooden_sword":1,"minecraft:saddle":1,"minecraft:raw_iron":45,"minecraft:dark_oak_boat":1,"minecraft:birch_boat":1,"minecraft:furnace":3,"minecraft:spruce_fence":15,"minecraft:cooked_mutton":5,"minecraft:flint_and_steel":1,"minecraft:dark_oak_fence":3,"minecraft:iron_boots":2,"minecraft:stone_pickaxe":3,"minecraft:chest":1,"minecraft:dark_oak_planks":72,"minecraft:cooked_beef":23,"minecraft:cooked_porkchop":4,"minecraft:crafting_table":4,"minecraft:spruce_planks":24,"minecraft:wooden_pickaxe":1,"minecraft:iron_helmet":2,"minecraft:iron_sword":1,"minecraft:birch_planks":32,"minecraft:bucket":1,"minecraft:dark_oak_button":3,"minecraft:stone_axe":1,"minecraft:iron_chestplate":2,"minecraft:charcoal":1,"minecraft:shield":1,"minecraft:raw_gold":117,"minecraft:stick":44,"minecraft:iron_ingot":119,"minecraft:leather_chestplate":1,"minecraft:iron_pickaxe":4,"minecraft:wooden_axe":1,"minecraft:stone_sword":1,"modernlife:toilet":1,"minecraft:iron_leggings":2,"minecraft:white_bed":2,"minecraft:torch":72},"minecraft:dropped":{"minecraft:wheat_seeds":1,"minecraft:cooked_porkchop":4,"minecraft:iron_helmet":1,"minecraft:dirt":3,"minecraft:wooden_axe":1,"minecraft:iron_leggings":1,"minecraft:sand":2,"minecraft:birch_sapling":2,"minecraft:iron_boots":1,"minecraft:cooked_mutton":5,"minecraft:iron_chestplate":1,"minecraft:charcoal":1,"minecraft:basalt":1},"minecraft:broken":{"minecraft:stone_pickaxe":3,"minecraft:iron_pickaxe":1},"minecraft:mined":{"minecraft:tuff":7,"minecraft:white_bed":5,"byg:water_silk":3,"minecraft:dark_oak_leaves":101,"minecraft:dark_oak_log":32,"byg:cattail":1,"minecraft:granite":73,"minecraft:dark_oak_fence":3,"minecraft:stripped_crimson_hyphae":1,"minecraft:grass_block":4,"minecraft:spruce_fence":2,"byg:black_sand":1,"minecraft:spruce_leaves":3,"minecraft:sandstone":9,"minecraft:spawner":2,"minecraft:large_fern":3,"minecraft:tall_seagrass":3,"minecraft:raw_iron_block":5,"minecraft:furnace":9,"minecraft:raw_gold_block":13,"minecraft:iron_ore":51,"minecraft:cobbled_deepslate":1,"minecraft:fire":9,"minecraft:andesite":4,"minecraft:deepslate_lapis_ore":5,"minecraft:gold_block":1,"minecraft:deepslate_iron_ore":24,"minecraft:stone":696,"minecraft:deepslate_redstone_ore":8,"byg:tiny_lilypads":2,"minecraft:basalt":6,"byg:osiria_rose":1,"minecraft:crafting_table":11,"minecraft:torch":105,"minecraft:melon":1,"minecraft:chest":1,"minecraft:dead_bush":3,"minecraft:rose_bush":32,"minecraft:tall_grass":2,"minecraft:copper_ore":7,"minecraft:cobblestone":29,"minecraft:deepslate_coal_ore":3,"minecraft:lapis_ore":12,"minecraft:sugar_cane":3,"minecraft:oak_planks":4,"minecraft:diorite":14,"minecraft:wall_torch":33,"minecraft:seagrass":9,"byg:soapstone":21,"minecraft:birch_log":8,"minecraft:spruce_log":6,"minecraft:birch_leaves":1,"minecraft:grass":36,"minecraft:oak_log":7,"minecraft:coal_ore":156,"minecraft:gravel":17,"minecraft:sand":3,"minecraft:dirt":22,"byg:tall_pink_allium":7,"minecraft:cobweb":5,"minecraft:raw_copper_block":1,"byg:tall_allium":6,"minecraft:gold_ore":69,"minecraft:oak_leaves":65,"minecraft:deepslate":199,"minecraft:fern":2},"minecraft:killed_by":{"minecraft:vindicator":3},"minecraft:killed":{"minecraft:spider":4,"minecraft:vindicator":1,"minecraft:skeleton":8,"minecraft:chicken":4,"minecraft:pig":11,"minecraft:sheep":6,"untamedwilds:tortoise":1,"minecraft:pillager":7,"minecraft:zombie":9,"untamedwilds:bison":4,"minecraft:cow":27,"minecraft:enderman":1},"minecraft:custom":{"minecraft:interact_with_smithing_table":2,"minecraft:mob_kills":84,"minecraft:interact_with_crafting_table":48,"minecraft:open_barrel":20,"minecraft:fill_cauldron":1,"minecraft:leave_game":11,"minecraft:time_since_death":49931,"minecraft:climb_one_cm":1136,"minecraft:sprint_one_cm":622585,"minecraft:walk_one_cm":883947,"minecraft:damage_blocked_by_shield":1590,"minecraft:drop":16,"minecraft:talked_to_villager":20,"minecraft:play_time":314511,"minecraft:deaths":3,"minecraft:sneak_time":300,"minecraft:walk_under_water_one_cm":29873,"minecraft:boat_one_cm":1041477,"minecraft:jump":3421,"minecraft:walk_on_water_one_cm":72759,"minecraft:total_world_time":314511,"minecraft:interact_with_furnace":61,"tombstone:raider_killed":8,"minecraft:interact_with_grindstone":1,"minecraft:sleep_in_bed":12,"minecraft:time_since_rest":1133,"minecraft:damage_taken":2945,"minecraft:damage_dealt":12291,"minecraft:swim_one_cm":97850,"minecraft:fly_one_cm":375189,"minecraft:open_chest":31,"minecraft:crouch_one_cm":120,"tombstone:undead_killed":17,"minecraft:fall_one_cm":43821,"minecraft:use_cauldron":1,"minecraft:horse_one_cm":300260},"minecraft:used":{"minecraft:stone_sword":1,"minecraft:flint_and_steel":23,"minecraft:chest":1,"minecraft:spruce_planks":3,"minecraft:shield":45,"minecraft:iron_sword":395,"minecraft:torch":147,"minecraft:dirt":27,"minecraft:spruce_fence":17,"minecraft:wooden_axe":5,"minecraft:dark_oak_boat":12,"minecraft:furnace":12,"minecraft:cooked_beef":32,"minecraft:water_bucket":15,"minecraft:stone_pickaxe":393,"minecraft:oak_planks":3,"minecraft:wooden_pickaxe":21,"minecraft:birch_boat":4,"minecraft:crafting_table":15,"minecraft:white_bed":6,"minecraft:chicken":2,"minecraft:bread":9,"minecraft:iron_pickaxe":1097,"minecraft:gravel":10,"minecraft:stone_axe":38,"minecraft:wooden_sword":52,"modernlife:toilet":1,"minecraft:cobblestone":254,"minecraft:dark_oak_fence":6,"minecraft:bucket":17}},"DataVersion":2975}