{"stats":{"minecraft:killed":{"minecraft:sheep":3,"minecraft:pig":1,"minecraft:chicken":2,"minecraft:cow":11},"minecraft:custom":{"minecraft:interact_with_furnace":5,"minecraft:time_since_rest":14625,"minecraft:sprint_one_cm":56211,"minecraft:damage_taken":50,"minecraft:walk_one_cm":55015,"minecraft:mob_kills":17,"minecraft:damage_dealt":1500,"minecraft:swim_one_cm":2617,"minecraft:interact_with_crafting_table":9,"minecraft:fly_one_cm":34186,"minecraft:play_time":23477,"minecraft:sneak_time":5,"minecraft:walk_under_water_one_cm":112,"minecraft:boat_one_cm":26810,"minecraft:jump":248,"minecraft:leave_game":2,"minecraft:time_since_death":23477,"minecraft:walk_on_water_one_cm":7349,"minecraft:sleep_in_bed":1,"minecraft:total_world_time":23477,"minecraft:climb_one_cm":250,"minecraft:fall_one_cm":3222},"minecraft:crafted":{"minecraft:cooked_beef":12,"minecraft:wooden_sword":1,"minecraft:dark_oak_boat":1,"minecraft:crafting_table":1,"minecraft:stick":8,"minecraft:wooden_pickaxe":1,"minecraft:stone_pickaxe":1,"minecraft:wooden_axe":1,"minecraft:stone_sword":1,"minecraft:furnace":1,"minecraft:white_bed":1,"minecraft:dark_oak_planks":32},"minecraft:mined":{"minecraft:white_bed":1,"minecraft:dark_oak_leaves":101,"minecraft:dark_oak_log":32,"minecraft:crafting_table":3,"minecraft:grass":4,"minecraft:grass_block":1,"minecraft:oak_log":7,"minecraft:dead_bush":3,"minecraft:sand":3,"minecraft:dirt":3,"minecraft:stone":21,"minecraft:sugar_cane":3,"minecraft:oak_leaves":65,"minecraft:sandstone":9},"minecraft:picked_up":{"minecraft:dark_oak_sapling":3,"minecraft:stick":2,"minecraft:crafting_table":3,"minecraft:sandstone":5,"minecraft:feather":1,"minecraft:chicken":2,"minecraft:leather":12,"minecraft:dark_oak_boat":1,"untamedwilds:flora_bush_temperate":3,"minecraft:porkchop":4,"minecraft:sand":2,"minecraft:oak_log":1,"minecraft:white_bed":1,"minecraft:dark_oak_log":30,"minecraft:dirt":4,"minecraft:wheat_seeds":1,"minecraft:beef":23,"minecraft:oak_sapling":1,"minecraft:sugar_cane":1,"minecraft:mutton":5,"minecraft:white_wool":3,"minecraft:cobblestone":21},"minecraft:used":{"minecraft:wooden_axe":4,"minecraft:chicken":2,"minecraft:wooden_pickaxe":21,"minecraft:wooden_sword":52,"minecraft:cobblestone":1,"minecraft:dark_oak_boat":1,"minecraft:crafting_table":4,"minecraft:furnace":1,"minecraft:white_bed":1,"minecraft:cooked_beef":2}},"DataVersion":2975}