{"stats":{"minecraft:broken":{"minecraft:iron_boots":1,"minecraft:stone_pickaxe":3,"minecraft:iron_pickaxe":1},"minecraft:custom":{"minecraft:interact_with_smithing_table":2,"minecraft:interact_with_anvil":15,"minecraft:mob_kills":136,"minecraft:interact_with_crafting_table":86,"minecraft:open_barrel":46,"minecraft:fill_cauldron":1,"minecraft:bell_ring":11,"minecraft:leave_game":15,"minecraft:time_since_death":4263,"minecraft:climb_one_cm":1136,"minecraft:sprint_one_cm":860777,"minecraft:walk_one_cm":1293608,"minecraft:damage_blocked_by_shield":2390,"minecraft:drop":64,"minecraft:talked_to_villager":22,"minecraft:play_time":505683,"minecraft:deaths":8,"minecraft:sneak_time":691,"minecraft:walk_under_water_one_cm":74538,"minecraft:boat_one_cm":1090846,"minecraft:jump":5021,"minecraft:walk_on_water_one_cm":139250,"minecraft:total_world_time":505683,"minecraft:interact_with_furnace":80,"tombstone:raider_killed":8,"minecraft:interact_with_grindstone":1,"minecraft:sleep_in_bed":20,"minecraft:time_since_rest":4288,"minecraft:damage_taken":6827,"minecraft:damage_dealt":22804,"minecraft:player_kills":1,"minecraft:swim_one_cm":229364,"minecraft:open_chest":78,"minecraft:fly_one_cm":615526,"minecraft:crouch_one_cm":219,"tombstone:undead_killed":39,"minecraft:fall_one_cm":65781,"minecraft:use_cauldron":1,"minecraft:horse_one_cm":300260},"minecraft:killed_by":{"minecraft:vindicator":3,"minecraft:skeleton":4},"minecraft:killed":{"minecraft:spider":9,"minecraft:vindicator":1,"minecraft:skeleton":27,"minecraft:chicken":4,"minecraft:silverfish":6,"minecraft:drowned":2,"minecraft:pig":17,"minecraft:salmon":2,"untamedwilds:newt":1,"untamedwilds:boar":1,"minecraft:sheep":6,"untamedwilds:tortoise":1,"minecraft:pillager":7,"minecraft:zombie":10,"untamedwilds:bison":4,"minecraft:enderman":1,"minecraft:cow":28},"minecraft:used":{"minecraft:netherite_sword":100,"minecraft:stone_sword":1,"minecraft:iron_bars":1,"minecraft:flint_and_steel":27,"minecraft:spruce_slab":2,"minecraft:chest":1,"minecraft:spruce_planks":9,"minecraft:shield":67,"minecraft:iron_sword":816,"minecraft:torch":159,"minecraft:dirt":88,"minecraft:anvil":1,"securitycraft:keypad_item":1,"minecraft:spruce_fence":17,"minecraft:wooden_axe":5,"minecraft:dark_oak_boat":12,"minecraft:furnace":12,"minecraft:cooked_beef":49,"minecraft:water_bucket":15,"minecraft:dark_oak_stairs":3,"minecraft:birch_planks":6,"minecraft:chorus_fruit":1,"minecraft:stone_pickaxe":393,"minecraft:oak_planks":3,"minecraft:wooden_pickaxe":21,"minecraft:birch_boat":6,"minecraft:sand":3,"minecraft:tnt":11,"minecraft:crafting_table":16,"minecraft:white_bed":6,"minecraft:black_concrete":1,"minecraft:chicken":2,"minecraft:bread":25,"minecraft:iron_pickaxe":1258,"byg:soapstone":3,"cgm:assault_rifle":86,"minecraft:gravel":10,"minecraft:stone_axe":89,"minecraft:wooden_sword":52,"modernlife:toilet":1,"minecraft:cobblestone":414,"minecraft:cooked_porkchop":8,"minecraft:dark_oak_fence":6,"minecraft:bucket":17},"minecraft:dropped":{"untamedwilds:flora_eelgrass":2,"minecraft:iron_ingot":6,"minecraft:iron_sword":1,"minecraft:wheat_seeds":1,"minecraft:chorus_fruit":3,"minecraft:cooked_porkchop":6,"minecraft:netherite_chestplate":3,"minecraft:netherite_helmet":3,"minecraft:iron_helmet":1,"minecraft:cobblestone":9,"minecraft:gold_block":1,"minecraft:dirt":16,"minecraft:stone_button":2,"minecraft:wooden_axe":1,"minecraft:netherite_boots":3,"minecraft:iron_leggings":2,"minecraft:sand":2,"minecraft:gold_ingot":126,"minecraft:kelp":3,"minecraft:netherite_sword":2,"minecraft:birch_sapling":2,"minecraft:oak_planks":8,"minecraft:iron_boots":1,"minecraft:cooked_mutton":5,"cgm:assault_rifle":1,"securitycraft:keypad_item":1,"minecraft:netherite_leggings":3,"minecraft:charcoal":1,"minecraft:iron_chestplate":2,"minecraft:spider_eye":1,"minecraft:basalt":1,"byg:tall_pink_allium":2},"minecraft:picked_up":{"minecraft:charcoal":1,"minecraft:crafting_table":12,"byg:soapstone":22,"minecraft:chicken":2,"minecraft:flower_pot":1,"byg:tall_pink_allium":8,"minecraft:gold_block":1,"byg:tiny_lilypads":52,"minecraft:string":13,"minecraft:raw_copper":28,"minecraft:flint_and_steel":1,"minecraft:oak_sign":1,"untamedwilds:material_snake_skin":1,"minecraft:cobbled_deepslate":2,"minecraft:netherite_sword":2,"minecraft:spruce_planks":6,"byg:pink_allium_flower_bush":7,"minecraft:beef":35,"minecraft:rose_bush":21,"minecraft:poppy":1,"minecraft:spruce_slab":2,"securitycraft:reinforced_cobblestone":17,"minecraft:sugar_cane":1,"minecraft:chest":1,"minecraft:birch_sapling":2,"minecraft:raw_copper_block":1,"minecraft:furnace":9,"minecraft:dark_oak_sapling":3,"minecraft:stick":2,"minecraft:raw_iron":91,"minecraft:sandstone":5,"minecraft:raw_gold_block":13,"minecraft:copper_ingot":1,"minecraft:oak_fence":5,"minecraft:torch":143,"untamedwilds:flora_bush_temperate":3,"minecraft:spruce_stairs":10,"minecraft:spruce_fence":2,"minecraft:porkchop":20,"minecraft:stone_button":2,"tombstone:grave_dust":2,"minecraft:diorite":13,"minecraft:redstone":36,"minecraft:dark_oak_planks":1,"minecraft:arrow":5,"minecraft:rotten_flesh":10,"minecraft:carved_pumpkin":1,"minecraft:gold_ingot":63,"minecraft:netherite_chestplate":2,"minecraft:mutton":5,"minecraft:iron_bars":1,"minecraft:white_wool":6,"minecraft:cobblestone":840,"minecraft:birch_log":8,"minecraft:netherite_boots":2,"minecraft:feather":1,"minecraft:cooked_beef":26,"minecraft:basalt":2,"minecraft:tripwire_hook":1,"minecraft:leather":36,"minecraft:dark_oak_boat":11,"minecraft:potato":12,"minecraft:flint":1,"minecraft:oak_log":3,"minecraft:gunpowder":5,"minecraft:netherite_leggings":2,"minecraft:lapis_lazuli":133,"minecraft:dirt":127,"tombstone:gift":1,"byg:osiria_rose":1,"minecraft:bone":36,"untamedwilds:material_fat":2,"minecraft:kelp":6,"byg:red_oak_sapling":1,"minecraft:wheat_seeds":5,"minecraft:raw_gold":66,"byg:allium_flower_bush":6,"minecraft:iron_ingot":1,"minecraft:cobweb":6,"minecraft:oak_planks":7,"minecraft:dark_oak_stairs":7,"minecraft:black_terracotta":8,"minecraft:cooked_porkchop":10,"minecraft:birch_boat":5,"minecraft:raw_iron_block":5,"untamedwilds:flora_eelgrass":3,"minecraft:gravel":16,"minecraft:sand":57,"minecraft:spider_eye":4,"minecraft:white_bed":5,"minecraft:spruce_log":6,"minecraft:dark_oak_log":30,"byg:black_sand":1,"minecraft:black_concrete":1,"minecraft:netherite_helmet":2,"byg:tall_allium":19,"minecraft:granite":75,"minecraft:emerald":1,"minecraft:oak_sapling":3,"minecraft:dark_oak_fence":3,"minecraft:coal":208},"minecraft:crafted":{"minecraft:oak_planks":8,"minecraft:wooden_sword":1,"minecraft:saddle":1,"minecraft:raw_iron":45,"minecraft:dark_oak_boat":1,"minecraft:birch_boat":1,"minecraft:furnace":3,"securitycraft:keypad_item":2,"minecraft:spruce_fence":15,"minecraft:heavy_weighted_pressure_plate":2,"minecraft:glass_pane":16,"minecraft:cooked_mutton":5,"minecraft:flint_and_steel":1,"securitycraft:laser_block":1,"minecraft:glass":36,"minecraft:dark_oak_fence":3,"minecraft:iron_boots":2,"minecraft:stone_pickaxe":3,"minecraft:chest":1,"minecraft:redstone_block":1,"minecraft:dark_oak_planks":72,"minecraft:cooked_beef":23,"minecraft:red_dye":1,"minecraft:cooked_porkchop":4,"minecraft:crafting_table":5,"minecraft:spruce_planks":24,"securitycraft:reinforced_stone_button":16,"minecraft:wooden_pickaxe":1,"minecraft:iron_helmet":2,"minecraft:iron_sword":1,"minecraft:bucket":1,"minecraft:dark_oak_button":3,"minecraft:birch_planks":32,"minecraft:stone_axe":1,"securitycraft:reinforced_stone":16,"minecraft:white_wool":2,"minecraft:iron_chestplate":2,"minecraft:charcoal":1,"minecraft:shield":2,"minecraft:raw_gold":117,"minecraft:stick":48,"minecraft:iron_ingot":119,"minecraft:leather_chestplate":1,"minecraft:iron_pickaxe":4,"minecraft:wooden_axe":1,"minecraft:iron_block":3,"minecraft:stone_sword":1,"modernlife:toilet":1,"minecraft:iron_leggings":2,"minecraft:gold_ingot":111,"minecraft:anvil":1,"minecraft:white_bed":2,"minecraft:torch":72,"securitycraft:universal_block_reinforcer_lvl1":1},"minecraft:mined":{"minecraft:dark_oak_planks":6,"minecraft:tuff":7,"minecraft:spruce_planks":9,"minecraft:white_bed":5,"byg:water_silk":3,"minecraft:dark_oak_leaves":101,"minecraft:black_terracotta":8,"minecraft:dark_oak_log":32,"minecraft:potted_blue_orchid":1,"byg:pink_allium_flower_bush":8,"byg:cattail":1,"minecraft:carved_pumpkin":1,"minecraft:dark_oak_fence":3,"minecraft:granite":74,"minecraft:stripped_crimson_hyphae":1,"minecraft:spruce_fence":3,"minecraft:grass_block":39,"byg:black_sand":1,"minecraft:spruce_leaves":3,"minecraft:kelp":14,"minecraft:sandstone":9,"minecraft:spawner":6,"minecraft:large_fern":3,"minecraft:tall_seagrass":6,"minecraft:raw_iron_block":5,"minecraft:oak_trapdoor":1,"minecraft:furnace":9,"minecraft:raw_gold_block":13,"minecraft:iron_ore":51,"minecraft:fire":37,"minecraft:cobbled_deepslate":1,"minecraft:andesite":4,"minecraft:black_concrete":4,"byg:allium_flower_bush":6,"minecraft:deepslate_lapis_ore":5,"minecraft:gold_block":1,"minecraft:dark_oak_stairs":9,"minecraft:deepslate_iron_ore":24,"minecraft:iron_bars":1,"minecraft:stone":749,"minecraft:player_head":2,"minecraft:deepslate_redstone_ore":8,"byg:tiny_lilypads":2,"minecraft:kelp_plant":3,"minecraft:basalt":6,"byg:osiria_rose":1,"minecraft:oak_fence":1,"minecraft:crafting_table":12,"minecraft:torch":105,"minecraft:melon":2,"minecraft:chest":1,"minecraft:rose_bush":34,"minecraft:dead_bush":3,"minecraft:copper_ore":7,"minecraft:tall_grass":2,"minecraft:cobblestone":49,"minecraft:deepslate_coal_ore":3,"minecraft:lapis_ore":16,"minecraft:oak_planks":4,"minecraft:sugar_cane":4,"minecraft:diorite":14,"minecraft:wall_torch":34,"minecraft:spruce_stairs":7,"minecraft:seagrass":10,"byg:soapstone":22,"minecraft:dark_oak_slab":1,"minecraft:birch_log":8,"minecraft:spruce_log":6,"minecraft:birch_leaves":1,"untamedwilds:flora_eelgrass":1,"minecraft:grass":41,"minecraft:coal_ore":173,"minecraft:oak_log":11,"minecraft:gravel":17,"minecraft:sand":24,"minecraft:dirt":31,"byg:tall_pink_allium":16,"minecraft:cobweb":5,"minecraft:raw_copper_block":1,"byg:tall_allium":26,"minecraft:gold_ore":69,"minecraft:deepslate":199,"minecraft:oak_leaves":65,"minecraft:fern":2}},"DataVersion":2975}