{"stats":{"minecraft:picked_up":{"minecraft:wooden_axe":1,"minecraft:crafting_table":7,"securitycraft:keypad_item":1,"minecraft:redstone_block":5,"securitycraft:universal_key_changer":1,"minecraft:string":29,"minecraft:raw_copper":7,"minecraft:cobbled_deepslate":237,"minecraft:beef":7,"minecraft:coal_block":14,"minecraft:chest":1,"minecraft:birch_sapling":4,"securitycraft:reinforced_redstone_block":1,"minecraft:furnace":4,"minecraft:sandstone":4,"minecraft:raw_iron":149,"minecraft:stick":35,"securitycraft:reinforced_cobblestone":53,"minecraft:raw_gold_block":11,"minecraft:torch":135,"travelersbackpack:iron_tier_upgrade":2,"tombstone:grave_dust":1,"minecraft:diorite":10,"minecraft:arrow":1,"minecraft:rotten_flesh":16,"securitycraft:reinforced_cobbled_deepslate":91,"minecraft:cobblestone":473,"minecraft:birch_log":7,"minecraft:andesite":2,"minecraft:leather":18,"minecraft:flint":1,"minecraft:tuff":7,"minecraft:oak_log":208,"byg:orchard_sapling":16,"minecraft:lapis_lazuli":59,"securitycraft:reinforced_glass":3,"minecraft:dirt":30,"minecraft:bone":15,"minecraft:apple":50,"untamedwilds:material_fat":9,"minecraft:raw_gold":68,"minecraft:iron_ingot":3,"minecraft:oak_planks":17,"minecraft:emerald_block":22,"minecraft:raw_iron_block":17,"minecraft:gravel":16,"minecraft:sand":23,"minecraft:diamond_block":21,"minecraft:diamond":91,"minecraft:granite":32,"minecraft:emerald":122,"minecraft:oak_sapling":42,"minecraft:coal":130},"minecraft:dropped":{"byg:biomepedia":1,"minecraft:iron_ingot":19,"minecraft:birch_planks":4,"minecraft:oak_log":64,"minecraft:apple":1,"travelersbackpack:iron_tier_upgrade":2,"minecraft:flint":1,"byg:orchard_sapling":16,"minecraft:wooden_axe":1,"tombstone:grave_dust":1,"minecraft:iron_pickaxe":1,"minecraft:furnace":2,"minecraft:stone_axe":1,"minecraft:cobbled_deepslate":57,"minecraft:rotten_flesh":1,"minecraft:oak_planks":15,"securitycraft:universal_key_changer":1},"minecraft:broken":{"minecraft:stone_pickaxe":2},"minecraft:used":{"minecraft:chest":3,"minecraft:shield":49,"minecraft:torch":273,"minecraft:dirt":27,"securitycraft:keypad_item":6,"minecraft:wooden_axe":37,"minecraft:lava_bucket":37,"minecraft:birch_sapling":4,"securitycraft:universal_key_changer":9,"minecraft:oak_sapling":1,"minecraft:furnace":3,"tombstone:gift":2,"minecraft:cooked_beef":7,"minecraft:cobbled_deepslate":11,"minecraft:water_bucket":13,"minecraft:diorite":4,"securitycraft:door_indestructible_iron_item":2,"minecraft:stone_pickaxe":397,"minecraft:wooden_pickaxe":8,"minecraft:crafting_table":8,"minecraft:diamond_pickaxe":924,"minecraft:apple":32,"minecraft:bread":4,"minecraft:iron_pickaxe":44,"tombstone:magic_scroll":1,"minecraft:stone_axe":135,"minecraft:diamond_sword":325,"minecraft:coal_block":1,"minecraft:cobblestone":214,"securitycraft:reinforced_cobbled_deepslate":53,"minecraft:birch_log":1,"minecraft:bucket":52},"minecraft:killed_by":{"untamedwilds:bison":1},"minecraft:custom":{"minecraft:mob_kills":37,"minecraft:interact_with_crafting_table":65,"minecraft:leave_game":1,"minecraft:time_since_death":101626,"minecraft:sprint_one_cm":166352,"minecraft:damage_blocked_by_shield":2805,"minecraft:walk_one_cm":683467,"minecraft:drop":20,"minecraft:play_time":185970,"minecraft:deaths":2,"minecraft:sneak_time":201,"minecraft:walk_under_water_one_cm":25513,"minecraft:jump":2075,"minecraft:walk_on_water_one_cm":32219,"minecraft:total_world_time":185970,"minecraft:interact_with_furnace":67,"minecraft:time_since_rest":101656,"minecraft:damage_taken":2218,"minecraft:damage_dealt":6170,"minecraft:swim_one_cm":28644,"minecraft:fly_one_cm":101110,"minecraft:open_chest":34,"tombstone:undead_killed":18,"minecraft:fall_one_cm":19625},"minecraft:crafted":{"minecraft:raw_iron":54,"minecraft:oak_planks":80,"minecraft:redstone":9,"minecraft:furnace":2,"securitycraft:keypad_item":5,"minecraft:heavy_weighted_pressure_plate":5,"minecraft:glass_pane":16,"securitycraft:laser_block":2,"minecraft:glass":12,"minecraft:diamond_helmet":1,"minecraft:diamond_leggings":1,"minecraft:stone_pickaxe":3,"minecraft:chest":2,"minecraft:diamond_boots":1,"minecraft:iron_door":3,"securitycraft:universal_key_changer":1,"securitycraft:reinforced_smooth_stone":11,"minecraft:cooked_beef":7,"minecraft:diamond_sword":1,"minecraft:crafting_table":1,"securitycraft:reinforced_stone_button":41,"minecraft:wooden_pickaxe":1,"minecraft:bucket":2,"minecraft:birch_planks":24,"minecraft:stone_axe":1,"securitycraft:reinforced_stone":53,"securitycraft:door_indestructible_iron_item":2,"minecraft:diamond_pickaxe":1,"minecraft:charcoal":18,"minecraft:shield":2,"minecraft:stick":36,"minecraft:iron_ingot":80,"securitycraft:security_camera":1,"minecraft:iron_pickaxe":1,"minecraft:wooden_axe":1,"minecraft:gold_ingot":4,"minecraft:torch":116,"securitycraft:universal_block_reinforcer_lvl1":1,"minecraft:diamond_chestplate":1},"minecraft:mined":{"minecraft:diamond_ore":6,"minecraft:tuff":8,"minecraft:oak_sapling":1,"minecraft:deepslate_diamond_ore":80,"minecraft:granite":32,"minecraft:grass_block":3,"minecraft:coal_block":13,"minecraft:sandstone":3,"minecraft:spawner":2,"minecraft:raw_iron_block":17,"minecraft:furnace":1,"minecraft:raw_gold_block":11,"minecraft:iron_ore":18,"minecraft:cobbled_deepslate":1,"minecraft:andesite":2,"minecraft:diamond_block":21,"minecraft:deepslate_lapis_ore":22,"minecraft:deepslate_iron_ore":76,"minecraft:rail":1,"minecraft:stone":393,"minecraft:deepslate_redstone_ore":57,"minecraft:redstone_block":9,"minecraft:crafting_table":6,"minecraft:torch":47,"minecraft:chest":1,"minecraft:cobblestone":31,"minecraft:copper_ore":1,"minecraft:deepslate_coal_ore":48,"minecraft:deepslate_gold_ore":63,"minecraft:lapis_ore":10,"minecraft:oak_planks":2,"minecraft:diorite":10,"minecraft:wall_torch":13,"minecraft:deepslate_copper_ore":1,"minecraft:birch_log":7,"minecraft:grass":1,"minecraft:coal_ore":33,"minecraft:oak_log":136,"minecraft:gravel":16,"minecraft:sand":23,"minecraft:dirt":12,"minecraft:cobweb":21,"minecraft:gold_ore":3,"minecraft:oak_leaves":11,"minecraft:deepslate_emerald_ore":117,"minecraft:deepslate":180,"minecraft:emerald_block":21},"minecraft:killed":{"minecraft:cave_spider":2,"minecraft:spider":4,"minecraft:skeleton":3,"minecraft:creeper":1,"minecraft:zombie":15,"untamedwilds:bison":4}},"DataVersion":2975}