{"stats":{"minecraft:picked_up":{"minecraft:wooden_axe":1,"minecraft:crafting_table":9,"securitycraft:keypad_item":1,"minecraft:redstone_block":5,"securitycraft:reinforced_glass_pane":8,"securitycraft:universal_key_changer":1,"minecraft:string":29,"minecraft:raw_copper":7,"minecraft:cobbled_deepslate":237,"minecraft:beef":7,"minecraft:melon_slice":5,"minecraft:chest":1,"minecraft:coal_block":14,"minecraft:birch_sapling":4,"minecraft:furnace":4,"securitycraft:reinforced_redstone_block":1,"minecraft:stripped_crimson_hyphae":1,"minecraft:stick":39,"minecraft:raw_iron":149,"minecraft:sandstone":5,"securitycraft:reinforced_cobblestone":53,"minecraft:raw_gold_block":11,"minecraft:torch":139,"travelersbackpack:iron_tier_upgrade":2,"minecraft:spruce_fence":2,"securitycraft:camera_monitor":3,"tombstone:grave_dust":3,"minecraft:diorite":10,"minecraft:redstone":1,"minecraft:dark_oak_planks":1,"minecraft:arrow":6,"minecraft:rotten_flesh":21,"securitycraft:reinforced_cobbled_deepslate":91,"minecraft:cobblestone":493,"minecraft:birch_log":7,"minecraft:andesite":2,"minecraft:leather":18,"minecraft:flint":1,"minecraft:tuff":7,"minecraft:oak_log":261,"byg:orchard_sapling":20,"minecraft:lapis_lazuli":59,"securitycraft:reinforced_glass":3,"minecraft:dirt":37,"minecraft:bone":20,"minecraft:apple":83,"untamedwilds:material_fat":9,"minecraft:raw_gold":68,"securitycraft:security_camera":1,"minecraft:iron_ingot":3,"minecraft:oak_planks":22,"minecraft:dark_oak_stairs":3,"minecraft:oak_slab":2,"minecraft:dark_oak_slab":2,"minecraft:black_terracotta":2,"minecraft:emerald_block":22,"minecraft:raw_iron_block":17,"minecraft:gravel":16,"minecraft:sand":23,"minecraft:diamond_block":21,"minecraft:spruce_door":1,"minecraft:diamond":91,"minecraft:granite":32,"minecraft:emerald":125,"minecraft:oak_sapling":44,"minecraft:coal":130},"minecraft:dropped":{"byg:biomepedia":1,"minecraft:iron_ingot":19,"minecraft:birch_planks":4,"minecraft:oak_log":103,"minecraft:glass_bottle":1,"minecraft:apple":2,"travelersbackpack:iron_tier_upgrade":2,"minecraft:flint":1,"byg:orchard_sapling":16,"minecraft:torch":2,"minecraft:wooden_axe":1,"tombstone:grave_dust":1,"minecraft:iron_pickaxe":1,"minecraft:white_wool":3,"minecraft:furnace":2,"minecraft:stone_axe":1,"minecraft:cobbled_deepslate":57,"minecraft:rotten_flesh":1,"minecraft:oak_planks":15,"securitycraft:camera_monitor":4,"securitycraft:universal_key_changer":1},"minecraft:broken":{"minecraft:stone_pickaxe":2},"minecraft:used":{"minecraft:chest":3,"minecraft:shield":54,"securitycraft:security_camera":2,"minecraft:torch":277,"minecraft:dirt":27,"securitycraft:keypad_item":6,"securitycraft:reinforced_stone":1,"minecraft:wooden_axe":37,"securitycraft:camera_monitor":2,"minecraft:lava_bucket":43,"minecraft:iron_axe":124,"minecraft:birch_sapling":4,"securitycraft:universal_key_changer":9,"minecraft:oak_sapling":1,"minecraft:furnace":3,"tombstone:gift":2,"minecraft:cooked_beef":7,"minecraft:cobbled_deepslate":11,"minecraft:enchanted_golden_apple":1,"minecraft:dark_oak_stairs":3,"minecraft:water_bucket":21,"minecraft:diorite":4,"securitycraft:door_indestructible_iron_item":2,"minecraft:stone_pickaxe":397,"minecraft:oak_planks":44,"minecraft:wooden_pickaxe":8,"minecraft:white_wool":2,"minecraft:golden_apple":2,"minecraft:crafting_table":10,"minecraft:white_bed":1,"minecraft:oak_log":45,"minecraft:diamond_pickaxe":951,"minecraft:apple":57,"minecraft:iron_pickaxe":44,"minecraft:bread":14,"minecraft:oak_button":2,"tombstone:magic_scroll":1,"minecraft:iron_door":1,"minecraft:stone_axe":135,"minecraft:coal_block":1,"minecraft:diamond_sword":400,"minecraft:cobblestone":215,"minecraft:potion":1,"securitycraft:reinforced_cobbled_deepslate":54,"minecraft:bucket":66,"minecraft:birch_log":1,"minecraft:oak_boat":2},"minecraft:killed_by":{"untamedwilds:bison":1},"minecraft:custom":{"minecraft:mob_kills":45,"minecraft:interact_with_crafting_table":77,"minecraft:open_barrel":41,"minecraft:leave_game":7,"minecraft:time_since_death":194079,"minecraft:damage_resisted":4,"minecraft:damage_blocked_by_shield":2975,"minecraft:sprint_one_cm":421729,"minecraft:walk_one_cm":908140,"minecraft:drop":41,"minecraft:talked_to_villager":23,"minecraft:play_time":278423,"minecraft:sneak_time":294,"minecraft:deaths":2,"minecraft:walk_under_water_one_cm":46291,"minecraft:boat_one_cm":147384,"minecraft:jump":3619,"minecraft:walk_on_water_one_cm":57705,"minecraft:total_world_time":278423,"minecraft:interact_with_furnace":67,"tombstone:raider_killed":2,"minecraft:sleep_in_bed":5,"minecraft:time_since_rest":17750,"minecraft:damage_taken":3446,"minecraft:damage_absorbed":56,"minecraft:damage_dealt":7766,"minecraft:swim_one_cm":52589,"minecraft:fly_one_cm":383408,"minecraft:open_chest":41,"tombstone:undead_killed":22,"minecraft:fall_one_cm":49989,"minecraft:horse_one_cm":232957},"minecraft:crafted":{"minecraft:oak_planks":160,"minecraft:redstone":9,"minecraft:raw_iron":54,"minecraft:iron_nugget":9,"minecraft:furnace":2,"securitycraft:keypad_item":5,"minecraft:heavy_weighted_pressure_plate":5,"minecraft:glass_pane":16,"securitycraft:laser_block":2,"minecraft:glass":12,"minecraft:diamond_helmet":1,"minecraft:diamond_leggings":1,"minecraft:iron_axe":1,"minecraft:stone_pickaxe":3,"minecraft:chest":2,"minecraft:diamond_boots":1,"minecraft:oak_button":3,"minecraft:iron_door":3,"securitycraft:universal_key_changer":1,"securitycraft:reinforced_smooth_stone":11,"minecraft:cooked_beef":7,"minecraft:diamond_sword":1,"minecraft:crafting_table":3,"securitycraft:reinforced_stone_button":41,"minecraft:wooden_pickaxe":1,"minecraft:bucket":2,"minecraft:birch_planks":24,"minecraft:stone_axe":1,"securitycraft:reinforced_stone":53,"minecraft:oak_boat":2,"securitycraft:door_indestructible_iron_item":2,"minecraft:white_wool":8,"minecraft:diamond_pickaxe":1,"minecraft:charcoal":18,"minecraft:shield":2,"minecraft:stick":36,"minecraft:iron_ingot":80,"securitycraft:security_camera":1,"minecraft:iron_pickaxe":1,"minecraft:wooden_axe":1,"securitycraft:camera_monitor":1,"minecraft:gold_ingot":4,"minecraft:white_bed":1,"minecraft:torch":116,"securitycraft:universal_block_reinforcer_lvl1":1,"minecraft:diamond_chestplate":1},"minecraft:mined":{"minecraft:dark_oak_planks":3,"minecraft:diamond_ore":6,"minecraft:tuff":8,"minecraft:spruce_planks":15,"minecraft:oak_sapling":1,"minecraft:deepslate_diamond_ore":80,"minecraft:black_terracotta":2,"minecraft:granite":32,"minecraft:dark_oak_fence":1,"minecraft:stripped_crimson_hyphae":2,"minecraft:grass_block":4,"minecraft:spruce_fence":2,"minecraft:coal_block":13,"minecraft:sandstone":4,"minecraft:spawner":5,"minecraft:raw_iron_block":17,"minecraft:furnace":1,"minecraft:raw_gold_block":11,"minecraft:iron_ore":18,"minecraft:cobbled_deepslate":1,"minecraft:fire":2,"minecraft:andesite":2,"minecraft:diamond_block":21,"minecraft:deepslate_lapis_ore":22,"minecraft:dark_oak_stairs":2,"minecraft:deepslate_iron_ore":76,"minecraft:rail":1,"minecraft:iron_bars":1,"minecraft:stone":405,"minecraft:player_head":1,"minecraft:oak_slab":1,"minecraft:deepslate_redstone_ore":57,"minecraft:redstone_block":9,"minecraft:red_bed":2,"minecraft:crafting_table":8,"minecraft:torch":47,"untamedwilds:flora_bush_temperate":1,"minecraft:emerald_ore":2,"minecraft:melon":1,"minecraft:chest":1,"minecraft:copper_ore":1,"minecraft:cobblestone":31,"minecraft:deepslate_coal_ore":48,"minecraft:lapis_ore":10,"minecraft:deepslate_gold_ore":63,"minecraft:oak_planks":8,"minecraft:diorite":10,"minecraft:wall_torch":13,"minecraft:deepslate_copper_ore":1,"minecraft:dark_oak_slab":3,"minecraft:birch_log":7,"minecraft:grass":3,"minecraft:oak_log":213,"minecraft:coal_ore":33,"minecraft:gravel":16,"minecraft:sand":23,"minecraft:dirt":12,"minecraft:cobweb":21,"minecraft:gold_ore":3,"minecraft:oak_leaves":17,"minecraft:deepslate_emerald_ore":117,"minecraft:deepslate":180,"minecraft:emerald_block":21},"minecraft:killed":{"minecraft:cave_spider":2,"minecraft:vindicator":2,"minecraft:spider":4,"minecraft:skeleton":6,"minecraft:creeper":1,"minecraft:sheep":1,"minecraft:zombie":16,"untamedwilds:bison":4}},"DataVersion":2975}