{"stats":{"minecraft:broken":{"minecraft:wooden_pickaxe":1,"minecraft:stone_pickaxe":4,"minecraft:stone_axe":2,"minecraft:iron_pickaxe":1,"minecraft:golden_pickaxe":2},"minecraft:custom":{"minecraft:interact_with_smithing_table":3,"minecraft:mob_kills":25,"minecraft:interact_with_crafting_table":39,"minecraft:open_barrel":43,"minecraft:leave_game":8,"minecraft:time_since_death":13382,"minecraft:climb_one_cm":576,"minecraft:sprint_one_cm":134684,"minecraft:walk_one_cm":480163,"minecraft:damage_blocked_by_shield":75,"minecraft:drop":46,"minecraft:talked_to_villager":16,"minecraft:play_time":257540,"minecraft:deaths":6,"minecraft:sneak_time":268,"minecraft:walk_under_water_one_cm":39697,"minecraft:boat_one_cm":230673,"minecraft:jump":2119,"minecraft:walk_on_water_one_cm":32747,"minecraft:total_world_time":257540,"minecraft:interact_with_furnace":43,"minecraft:traded_with_villager":3,"minecraft:sleep_in_bed":11,"minecraft:time_since_rest":5622,"minecraft:damage_taken":2699,"minecraft:damage_dealt":4764,"minecraft:swim_one_cm":24855,"minecraft:fly_one_cm":149455,"minecraft:open_chest":35,"minecraft:crouch_one_cm":2,"tombstone:undead_killed":2,"tombstone:villager_killed":1,"minecraft:fall_one_cm":20891},"minecraft:killed_by":{"minecraft:player":1,"minecraft:iron_golem":2,"minecraft:vindicator":1,"minecraft:zombie":2},"minecraft:killed":{"minecraft:skeleton":1,"minecraft:horse":1,"minecraft:drowned":1,"minecraft:iron_golem":3,"minecraft:creeper":1,"minecraft:sheep":4,"untamedwilds:tortoise":5,"minecraft:villager":1,"minecraft:cow":6},"minecraft:used":{"minecraft:flint_and_steel":12,"minecraft:chest":2,"minecraft:spruce_planks":4,"minecraft:shield":1,"minecraft:rotten_flesh":1,"minecraft:torch":59,"minecraft:dirt":119,"minecraft:granite":9,"minecraft:dark_oak_planks":6,"minecraft:oak_stairs":1,"minecraft:iron_axe":52,"minecraft:barrel":5,"minecraft:basalt":3,"minecraft:golden_sword":41,"minecraft:dark_oak_boat":1,"minecraft:furnace":9,"tombstone:gift":3,"minecraft:cooked_beef":6,"minecraft:cobbled_deepslate":57,"minecraft:potato":6,"minecraft:cooked_mutton":5,"minecraft:diorite":42,"minecraft:stone_pickaxe":703,"minecraft:oak_planks":16,"untamedwilds:food_turtle_raw":4,"minecraft:wooden_pickaxe":93,"minecraft:sand":38,"minecraft:crafting_table":19,"minecraft:white_bed":2,"minecraft:black_wool":1,"minecraft:bread":5,"minecraft:melon_slice":8,"minecraft:iron_pickaxe":572,"byg:soapstone":23,"minecraft:gravel":3,"minecraft:stone_axe":1487,"minecraft:cobblestone":261,"minecraft:grindstone":1,"minecraft:smithing_table":1,"minecraft:andesite":16,"minecraft:yellow_bed":1,"minecraft:stripped_oak_log":2,"minecraft:golden_pickaxe":64},"minecraft:dropped":{"minecraft:enchanted_book":1,"minecraft:oak_fence":1,"minecraft:cobblestone":29,"untamedwilds:material_snake_skin":1,"byg:pink_allium_flower_bush":1,"minecraft:stone_button":2,"tombstone:grave_key":1,"minecraft:cooked_salmon":4,"minecraft:oak_stairs":3,"minecraft:gold_ingot":33,"minecraft:oak_trapdoor":6,"minecraft:cobbled_deepslate":7,"minecraft:raw_copper":22,"minecraft:wheat":4,"tombstone:gift":1,"minecraft:rotten_flesh":1,"minecraft:potato":24,"minecraft:stone":1,"minecraft:oak_sapling":1,"minecraft:ladder":3,"minecraft:arrow":9},"minecraft:picked_up":{"minecraft:crafting_table":11,"minecraft:iron_chestplate":1,"minecraft:wheat":4,"byg:soapstone":29,"minecraft:ladder":6,"minecraft:clay_ball":72,"minecraft:smithing_table":1,"byg:tall_pink_allium":50,"minecraft:oak_stairs":4,"untamedwilds:flora_canola":6,"minecraft:enchanted_book":1,"tombstone:grave_key":1,"minecraft:oak_trapdoor":12,"minecraft:raw_copper":30,"minecraft:iron_leggings":1,"untamedwilds:material_snake_skin":2,"minecraft:cobbled_deepslate":282,"minecraft:spruce_planks":4,"byg:pink_allium_flower_bush":77,"minecraft:beef":11,"minecraft:player_head":3,"minecraft:poppy":4,"minecraft:melon_slice":64,"minecraft:chest":1,"minecraft:iron_boots":1,"minecraft:furnace":8,"minecraft:raw_iron":15,"minecraft:stone":1,"securitycraft:reinforced_cobblestone":29,"untamedwilds:flora_common_reed":15,"minecraft:oak_fence":1,"minecraft:torch":86,"untamedwilds:flora_bush_temperate":6,"minecraft:stone_button":4,"tombstone:grave_dust":2,"minecraft:diorite":70,"minecraft:redstone":8,"minecraft:dark_oak_planks":5,"minecraft:arrow":9,"minecraft:rotten_flesh":13,"minecraft:carved_pumpkin":1,"minecraft:gold_ingot":63,"untamedwilds:flora_yarrow":3,"minecraft:mutton":6,"minecraft:cobblestone":834,"minecraft:white_wool":4,"minecraft:stripped_oak_log":2,"minecraft:basalt":6,"minecraft:cooked_beef":2,"minecraft:andesite":28,"minecraft:leather":9,"minecraft:potato":24,"minecraft:flint":4,"minecraft:tuff":4,"minecraft:oak_log":44,"minecraft:yellow_bed":1,"minecraft:gunpowder":16,"minecraft:lapis_lazuli":60,"minecraft:dirt":136,"tombstone:gift":2,"untamedwilds:flora_junegrass":6,"untamedwilds:food_turtle_raw":6,"minecraft:cooked_mutton":1,"minecraft:bone":5,"minecraft:kelp":15,"minecraft:wheat_seeds":81,"minecraft:raw_gold":2,"byg:allium_flower_bush":34,"minecraft:iron_ingot":10,"minecraft:grindstone":1,"minecraft:cooked_chicken":1,"minecraft:cobweb":2,"minecraft:oak_planks":21,"minecraft:smooth_basalt":2,"minecraft:oak_pressure_plate":1,"minecraft:gravel":11,"minecraft:sand":39,"minecraft:white_bed":3,"minecraft:spruce_log":6,"minecraft:barrel":2,"minecraft:dark_oak_log":38,"byg:tall_allium":79,"minecraft:iron_helmet":2,"minecraft:granite":30,"minecraft:rooted_dirt":1,"minecraft:oak_sapling":1,"minecraft:black_wool":6,"minecraft:coal":119},"minecraft:crafted":{"minecraft:oak_planks":60,"minecraft:dark_oak_boat":1,"minecraft:furnace":5,"modernlife:battery":1,"minecraft:cooked_mutton":9,"minecraft:iron_axe":2,"minecraft:stone_pickaxe":9,"minecraft:chest":1,"minecraft:dark_oak_planks":96,"minecraft:golden_sword":2,"minecraft:cooked_beef":18,"minecraft:emerald":3,"minecraft:cooked_porkchop":18,"minecraft:crafting_table":9,"minecraft:spruce_planks":24,"minecraft:wooden_pickaxe":3,"minecraft:golden_pickaxe":2,"minecraft:cooked_salmon":5,"minecraft:stone_axe":4,"minecraft:bread":2,"minecraft:charcoal":7,"minecraft:shield":2,"minecraft:stick":68,"minecraft:iron_ingot":11,"minecraft:iron_pickaxe":3,"minecraft:gold_ingot":64,"minecraft:torch":60},"minecraft:mined":{"minecraft:dark_oak_planks":5,"minecraft:tuff":10,"minecraft:spruce_planks":6,"minecraft:white_bed":3,"untamedwilds:flora_junegrass":9,"minecraft:dark_oak_log":38,"minecraft:carved_pumpkin":1,"byg:pink_allium_flower_bush":85,"minecraft:granite":31,"minecraft:grass_block":23,"minecraft:kelp":1,"minecraft:rooted_dirt":2,"untamedwilds:flora_yarrow":5,"byg:red_oak_leaves":19,"minecraft:furnace":8,"untamedwilds:nest_reptile":2,"minecraft:iron_ore":15,"minecraft:fire":49,"minecraft:barrel":3,"byg:prairie_grass":689,"minecraft:andesite":25,"byg:allium_flower_bush":33,"minecraft:deepslate_lapis_ore":5,"minecraft:dirt_path":2,"minecraft:oak_stairs":4,"minecraft:stripped_oak_log":2,"minecraft:stone":790,"minecraft:player_head":2,"minecraft:spruce_slab":1,"byg:tall_prairie_grass":291,"minecraft:smithing_table":1,"minecraft:glass_pane":2,"minecraft:red_bed":1,"minecraft:kelp_plant":1,"minecraft:player_wall_head":1,"minecraft:basalt":6,"minecraft:oak_fence":5,"minecraft:clay":19,"minecraft:crafting_table":12,"untamedwilds:flora_common_reed":4,"minecraft:torch":3,"untamedwilds:flora_bush_temperate":8,"minecraft:melon":12,"minecraft:chest":1,"minecraft:tall_grass":8,"minecraft:copper_ore":7,"minecraft:cobblestone":37,"minecraft:lapis_ore":4,"minecraft:deepslate_gold_ore":2,"minecraft:grindstone":1,"minecraft:oak_planks":21,"minecraft:diorite":69,"minecraft:wall_torch":25,"minecraft:deepslate_copper_ore":2,"untamedwilds:block_burrow":2,"byg:soapstone":34,"byg:red_spruce_leaves":1,"minecraft:spruce_log":6,"minecraft:yellow_bed":1,"minecraft:grass":18,"minecraft:black_wool":7,"minecraft:oak_log":42,"minecraft:coal_ore":86,"minecraft:gravel":15,"minecraft:sand":17,"minecraft:dirt":115,"byg:tall_pink_allium":56,"untamedwilds:flora_canola":7,"minecraft:smooth_basalt":2,"byg:tall_allium":92,"minecraft:oak_leaves":7,"minecraft:deepslate":210}},"DataVersion":2975}