{"stats":{"minecraft:killed_by":{"minecraft:vindicator":1,"minecraft:zombie":1},"minecraft:used":{"minecraft:cooked_mutton":1,"minecraft:diorite":42,"untamedwilds:food_turtle_raw":4,"minecraft:stone_pickaxe":549,"minecraft:wooden_pickaxe":66,"minecraft:chest":1,"minecraft:spruce_planks":4,"minecraft:shield":1,"minecraft:torch":46,"minecraft:dirt":30,"minecraft:crafting_table":8,"minecraft:white_bed":2,"minecraft:dark_oak_planks":6,"minecraft:melon_slice":6,"minecraft:iron_pickaxe":471,"byg:soapstone":17,"minecraft:gravel":3,"minecraft:stone_axe":89,"minecraft:golden_sword":41,"minecraft:cobblestone":128,"minecraft:dark_oak_boat":1,"minecraft:furnace":5,"minecraft:andesite":16,"tombstone:gift":3,"minecraft:golden_pickaxe":64,"minecraft:cooked_beef":2,"minecraft:cobbled_deepslate":4},"minecraft:crafted":{"minecraft:cooked_beef":7,"minecraft:dark_oak_boat":1,"minecraft:cooked_porkchop":18,"minecraft:crafting_table":5,"minecraft:spruce_planks":24,"minecraft:wooden_pickaxe":2,"minecraft:furnace":4,"minecraft:golden_pickaxe":2,"minecraft:cooked_salmon":4,"minecraft:stone_axe":2,"minecraft:cooked_mutton":6,"minecraft:charcoal":7,"minecraft:shield":1,"minecraft:stick":52,"minecraft:iron_ingot":8,"minecraft:iron_pickaxe":2,"minecraft:stone_pickaxe":7,"minecraft:chest":1,"minecraft:gold_ingot":64,"minecraft:torch":52,"minecraft:dark_oak_planks":96,"minecraft:golden_sword":2},"minecraft:killed":{"minecraft:sheep":2,"minecraft:horse":1,"untamedwilds:tortoise":5,"minecraft:cow":1},"minecraft:custom":{"minecraft:interact_with_furnace":29,"minecraft:mob_kills":11,"minecraft:interact_with_crafting_table":21,"minecraft:open_barrel":15,"minecraft:leave_game":6,"minecraft:time_since_death":49507,"minecraft:sleep_in_bed":4,"minecraft:climb_one_cm":576,"minecraft:time_since_rest":13546,"minecraft:sprint_one_cm":58580,"minecraft:damage_taken":736,"minecraft:walk_one_cm":201587,"minecraft:damage_blocked_by_shield":75,"minecraft:drop":29,"minecraft:damage_dealt":1344,"minecraft:swim_one_cm":13435,"minecraft:fly_one_cm":42404,"minecraft:open_chest":6,"minecraft:crouch_one_cm":2,"minecraft:play_time":141633,"minecraft:deaths":2,"minecraft:sneak_time":29,"minecraft:walk_under_water_one_cm":12723,"minecraft:boat_one_cm":230673,"minecraft:jump":927,"minecraft:walk_on_water_one_cm":14612,"minecraft:total_world_time":141633,"minecraft:fall_one_cm":4705},"minecraft:mined":{"minecraft:dark_oak_planks":5,"minecraft:tuff":10,"minecraft:spruce_planks":6,"minecraft:white_bed":3,"minecraft:dark_oak_log":38,"untamedwilds:flora_bush_temperate":1,"minecraft:clay":19,"minecraft:oak_fence":4,"minecraft:crafting_table":5,"minecraft:torch":1,"minecraft:granite":21,"minecraft:grass_block":5,"minecraft:melon":1,"minecraft:copper_ore":7,"minecraft:cobblestone":5,"minecraft:lapis_ore":4,"minecraft:deepslate_gold_ore":2,"minecraft:diorite":61,"minecraft:rooted_dirt":2,"minecraft:wall_torch":21,"minecraft:deepslate_copper_ore":2,"byg:soapstone":22,"minecraft:furnace":4,"minecraft:iron_ore":15,"minecraft:barrel":1,"minecraft:spruce_log":6,"byg:red_spruce_leaves":1,"byg:prairie_grass":42,"minecraft:andesite":21,"minecraft:deepslate_lapis_ore":5,"minecraft:grass":7,"minecraft:oak_log":6,"minecraft:coal_ore":48,"minecraft:gravel":15,"minecraft:sand":2,"minecraft:dirt":40,"minecraft:spruce_slab":1,"minecraft:stone":674,"minecraft:oak_leaves":3,"minecraft:deepslate":204,"byg:tall_prairie_grass":38},"minecraft:picked_up":{"byg:soapstone":17,"minecraft:crafting_table":4,"minecraft:iron_chestplate":1,"minecraft:wheat":4,"minecraft:cooked_beef":2,"minecraft:clay_ball":72,"minecraft:andesite":24,"minecraft:leather":1,"minecraft:enchanted_book":1,"minecraft:flint":4,"minecraft:tuff":4,"minecraft:oak_log":6,"tombstone:grave_key":1,"minecraft:lapis_lazuli":60,"minecraft:dirt":43,"minecraft:raw_copper":30,"tombstone:gift":1,"untamedwilds:food_turtle_raw":6,"minecraft:iron_leggings":1,"minecraft:cooked_mutton":1,"minecraft:kelp":10,"minecraft:wheat_seeds":3,"minecraft:cobbled_deepslate":276,"minecraft:raw_gold":2,"minecraft:spruce_planks":4,"minecraft:cooked_chicken":1,"minecraft:beef":2,"minecraft:melon_slice":11,"minecraft:furnace":4,"minecraft:iron_boots":1,"minecraft:raw_iron":15,"minecraft:torch":20,"minecraft:gravel":11,"minecraft:sand":1,"tombstone:grave_dust":1,"minecraft:diorite":62,"minecraft:white_bed":3,"minecraft:spruce_log":6,"minecraft:dark_oak_log":38,"minecraft:dark_oak_planks":5,"minecraft:rotten_flesh":1,"minecraft:iron_helmet":1,"minecraft:granite":20,"minecraft:gold_ingot":3,"minecraft:rooted_dirt":1,"minecraft:mutton":3,"minecraft:coal":48,"minecraft:white_wool":2,"minecraft:cobblestone":690},"minecraft:broken":{"minecraft:stone_pickaxe":3,"minecraft:iron_pickaxe":1,"minecraft:golden_pickaxe":2,"minecraft:wooden_pickaxe":1},"minecraft:dropped":{"minecraft:enchanted_book":1,"minecraft:cobbled_deepslate":7,"minecraft:raw_copper":22,"minecraft:wheat":4,"tombstone:grave_key":1,"minecraft:gold_ingot":3}},"DataVersion":2975}