{
  "dungeons_arise:wda_root": {
    "criteria": {
      "WDA": "2024-06-14 22:56:46 +0000"
    },
    "done": true
  },
  "byg:biomepedia_gift": {
    "criteria": {
      "tick": "2024-06-14 22:56:46 +0000"
    },
    "done": true
  },
  "byg:root": {
    "criteria": {
      "tick": "2024-06-14 22:56:46 +0000"
    },
    "done": true
  },
  "tombstone:adventure/root": {
    "criteria": {
      "auto": "2024-06-14 22:56:46 +0000"
    },
    "done": true
  },
  "minecraft:adventure/adventuring_time": {
    "criteria": {
      "minecraft:grove": "2024-06-14 22:56:46 +0000"
    },
    "done": false
  },
  "DataVersion": 2975
}