{"stats":{"minecraft:broken":{"minecraft:flint_and_steel":1,"minecraft:wooden_pickaxe":2,"minecraft:stone_pickaxe":5,"minecraft:golden_axe":1,"minecraft:iron_axe":1,"minecraft:wooden_sword":1,"minecraft:stone_axe":2,"minecraft:iron_pickaxe":3},"minecraft:custom":{"minecraft:mob_kills":23,"minecraft:interact_with_crafting_table":45,"minecraft:open_barrel":6,"minecraft:leave_game":1,"minecraft:time_since_death":6843,"minecraft:sprint_one_cm":3639,"minecraft:walk_one_cm":954239,"minecraft:damage_blocked_by_shield":1355,"minecraft:drop":94,"minecraft:talked_to_villager":6,"minecraft:play_time":224842,"minecraft:deaths":12,"minecraft:sneak_time":44,"minecraft:walk_under_water_one_cm":54438,"tombstone:tomb_raiding":1,"minecraft:jump":1867,"minecraft:walk_on_water_one_cm":62511,"minecraft:total_world_time":224842,"minecraft:interact_with_grindstone":1,"minecraft:sleep_in_bed":4,"minecraft:time_since_rest":6877,"minecraft:damage_taken":3912,"minecraft:damage_dealt":2676,"minecraft:fly_one_cm":14065,"minecraft:open_chest":62,"minecraft:crouch_one_cm":242,"tombstone:undead_killed":8,"tombstone:villager_killed":2,"minecraft:fall_one_cm":22929},"minecraft:killed_by":{"minecraft:skeleton":10,"minecraft:zombie":1},"minecraft:killed":{"minecraft:skeleton":4,"minecraft:silverfish":13,"minecraft:drowned":2,"untamedwilds:big_cat":1,"minecraft:zombie":2,"minecraft:villager":2},"minecraft:used":{"minecraft:oak_trapdoor":3,"minecraft:flint_and_steel":65,"minecraft:stone_shovel":67,"minecraft:chest":4,"minecraft:shield":39,"minecraft:iron_sword":76,"minecraft:stone_hoe":88,"minecraft:rotten_flesh":4,"minecraft:player_head":1,"minecraft:torch":21,"minecraft:dirt":413,"securitycraft:keypad_item":1,"minecraft:iron_axe":245,"minecraft:furnace":1,"minecraft:golden_axe":32,"minecraft:stone_pickaxe":725,"minecraft:oak_planks":1,"minecraft:wooden_pickaxe":120,"minecraft:sand":10,"minecraft:oak_slab":1,"minecraft:crafting_table":2,"minecraft:oak_log":58,"minecraft:iron_pickaxe":440,"minecraft:stone_axe":208,"minecraft:wooden_sword":70,"minecraft:cobblestone":15,"minecraft:cooked_porkchop":7,"minecraft:yellow_bed":3},"minecraft:dropped":{"untamedwilds:flora_common_reed":2,"minecraft:iron_sword":3,"minecraft:dark_oak_stairs":12,"minecraft:wheat_seeds":2,"minecraft:lapis_lazuli":88,"minecraft:cooked_beef":7,"minecraft:lilac":4,"minecraft:oak_log":4,"minecraft:chorus_fruit":3,"byg:red_oak_sapling":2,"byg:allium_flower_bush":9,"minecraft:cobblestone":11,"minecraft:iron_helmet":1,"minecraft:spruce_stairs":29,"byg:white_puffball_spores":24,"minecraft:dirt":26,"byg:pink_allium_flower_bush":20,"minecraft:diorite":1,"minecraft:melon_slice":3,"minecraft:netherite_boots":1,"tombstone:grave_dust":1,"minecraft:iron_leggings":1,"minecraft:sand":53,"minecraft:iron_pickaxe":2,"minecraft:dark_oak_planks":31,"minecraft:bone":67,"byg:wood_blewit":2,"minecraft:stone_axe":1,"minecraft:kelp":5,"minecraft:cooked_chicken":1,"minecraft:cobbled_deepslate":64,"untamedwilds:flora_bush_temperate":3,"minecraft:netherite_sword":1,"minecraft:birch_sapling":1,"minecraft:raw_iron":4,"tombstone:gift":2,"byg:tall_allium":17,"minecraft:oak_planks":18,"minecraft:cooked_mutton":5,"minecraft:white_bed":1,"cgm:assault_rifle":1,"minecraft:stone":2,"minecraft:shield":1,"minecraft:flower_pot":1,"minecraft:gunpowder":62,"minecraft:spruce_planks":6,"minecraft:iron_chestplate":1,"minecraft:oak_sapling":7,"minecraft:spruce_slab":1,"byg:tall_pink_allium":23,"minecraft:blue_orchid":2},"minecraft:picked_up":{"byg:soapstone":4,"minecraft:iron_chestplate":3,"securitycraft:keypad_item":1,"minecraft:flower_pot":1,"byg:tall_pink_allium":24,"minecraft:oak_stairs":50,"minecraft:gold_block":1,"minecraft:enchanted_book":1,"byg:wood_blewit":2,"tombstone:grave_key":1,"minecraft:golden_sword":2,"minecraft:shield":1,"minecraft:raw_copper":61,"minecraft:iron_axe":1,"minecraft:oak_trapdoor":19,"minecraft:cooked_salmon":4,"minecraft:flint_and_steel":1,"minecraft:iron_leggings":4,"minecraft:blue_orchid":2,"minecraft:cobbled_deepslate":64,"minecraft:netherite_sword":1,"minecraft:spruce_planks":6,"byg:pink_allium_flower_bush":20,"minecraft:player_head":1,"minecraft:iron_pickaxe":5,"minecraft:spruce_slab":1,"minecraft:melon_slice":3,"minecraft:sugar_cane":3,"minecraft:chest":1,"minecraft:birch_sapling":2,"minecraft:furnace":4,"minecraft:raw_iron":4,"minecraft:stick":13,"minecraft:stone":2,"minecraft:oak_door":1,"untamedwilds:flora_common_reed":2,"minecraft:oak_fence":1,"minecraft:torch":92,"untamedwilds:flora_bush_temperate":3,"minecraft:spruce_stairs":16,"tombstone:grave_dust":1,"minecraft:diorite":32,"minecraft:dark_oak_planks":31,"minecraft:arrow":19,"minecraft:rotten_flesh":5,"cgm:assault_rifle":3,"minecraft:gold_ingot":173,"minecraft:netherite_chestplate":1,"untamedwilds:flora_yarrow":2,"byg:white_puffball_spores":24,"minecraft:cobblestone":1009,"minecraft:birch_log":46,"minecraft:stripped_oak_log":16,"minecraft:netherite_boots":2,"minecraft:cooked_beef":7,"minecraft:lilac":4,"untamedwilds:hide_bigcat_puma":3,"minecraft:water_bucket":1,"byg:weeping_milkcap":1,"minecraft:oak_log":221,"byg:white_puffball_cap":4,"minecraft:yellow_bed":3,"minecraft:gunpowder":124,"minecraft:netherite_leggings":1,"minecraft:lapis_lazuli":160,"minecraft:dirt":539,"tombstone:gift":2,"minecraft:cooked_mutton":5,"minecraft:bone":71,"minecraft:apple":2,"minecraft:kelp":5,"byg:red_oak_sapling":3,"minecraft:wheat_seeds":2,"byg:allium_flower_bush":9,"minecraft:iron_ingot":6,"minecraft:cooked_chicken":1,"minecraft:oak_planks":75,"minecraft:iron_sword":4,"minecraft:dark_oak_stairs":12,"minecraft:book":6,"minecraft:oak_slab":3,"minecraft:cooked_porkchop":8,"minecraft:sand":82,"minecraft:white_bed":2,"minecraft:mossy_cobblestone":2,"tombstone:familiar_stone":1,"minecraft:stone_axe":5,"minecraft:netherite_helmet":2,"byg:tall_allium":17,"minecraft:iron_helmet":1,"byg:foragers_table":1,"minecraft:oak_sapling":15,"minecraft:chorus_fruit":10,"minecraft:coal":50},"minecraft:crafted":{"minecraft:wooden_sword":1,"minecraft:oak_planks":632,"minecraft:stone_shovel":1,"minecraft:golden_chestplate":2,"minecraft:stone_pickaxe":9,"minecraft:chest":4,"minecraft:stone_hoe":1,"minecraft:golden_helmet":1,"minecraft:golden_boots":2,"minecraft:golden_axe":1,"minecraft:crafting_table":3,"minecraft:wooden_pickaxe":3,"minecraft:iron_sword":1,"minecraft:birch_planks":180,"minecraft:stone_axe":1,"minecraft:golden_leggings":1,"minecraft:shield":1,"minecraft:stick":48,"minecraft:iron_pickaxe":1,"minecraft:oak_stairs":144,"minecraft:gold_ingot":9,"minecraft:birch_stairs":120},"minecraft:mined":{"minecraft:dark_oak_planks":1,"minecraft:spruce_planks":1,"minecraft:white_bed":1,"minecraft:mossy_cobblestone":2,"minecraft:oak_door":1,"byg:pink_allium_flower_bush":8,"minecraft:grass_block":295,"byg:black_sand":1,"byg:wood_blewit":1,"minecraft:kelp":1,"untamedwilds:flora_yarrow":1,"minecraft:oak_trapdoor":14,"byg:red_oak_leaves":14,"byg:allium_flower_bush":3,"minecraft:dark_oak_stairs":1,"byg:weeping_milkcap":1,"minecraft:bookshelf":2,"minecraft:dirt_path":2,"minecraft:oak_stairs":50,"minecraft:stripped_oak_log":16,"minecraft:stone":960,"minecraft:player_head":1,"byg:white_puffball":4,"minecraft:podzol":7,"minecraft:oak_slab":3,"minecraft:glass_pane":3,"minecraft:oak_fence":1,"minecraft:torch":2,"untamedwilds:flora_bush_temperate":1,"minecraft:copper_ore":16,"minecraft:tall_grass":1,"minecraft:cobblestone":56,"minecraft:oak_planks":62,"minecraft:diorite":31,"minecraft:wall_torch":7,"minecraft:seagrass":2,"minecraft:spruce_stairs":1,"byg:soapstone":4,"minecraft:birch_log":46,"byg:foragers_table":1,"minecraft:birch_leaves":10,"minecraft:bee_nest":1,"minecraft:yellow_bed":3,"minecraft:grass":12,"minecraft:coal_ore":50,"minecraft:oak_log":232,"minecraft:sand":83,"minecraft:dirt":236,"byg:tall_pink_allium":16,"byg:tall_allium":11,"minecraft:oak_leaves":53}},"DataVersion":2975}